Stock,yr,ct,bt
GAR,1982,148420,NA
GAR,1983,103270,NA
GAR,1984,404420,NA
GAR,1985,807510,NA
GAR,1986,828730,NA
GAR,1987,762630,NA
GAR,1988,718050,NA
GAR,1989,279270,NA
GAR,1990,275770,NA
GAR,1991,434170,NA
GAR,1992,469710,NA
GAR,1993,703080,NA
GAR,1994,846560,NA
GAR,1995,610850,NA
GAR,1996,595910,NA
GAR,1997,412760,NA
GAR,1998,315260,NA
GAR,1999,103230,NA
GAR,2000,319790,NA
GAR,2001,186760,NA
GAR,2002,135260,NA
GAR,2003,142810,NA
GAR,2004,150720,NA
GAR,2005,149890,NA
GAR,2006,135200,NA
GAR,2007,155590,NA
GAR,2008,160430,NA
GAR,2009,190840,NA
GAR,2010,107010,NA
GAR,2011,113940,NA
GAR,2012,148840,NA
GAR,2013,134780,NA
BOG,1950,3373440,NA
BOG,1951,2760280,NA
BOG,1952,2637640,NA
BOG,1953,2822760,NA
BOG,1954,3513010,NA
BOG,1955,3518800,NA
BOG,1956,3459490,NA
BOG,1957,4134440,NA
BOG,1958,4499930,NA
BOG,1959,4493790,NA
BOG,1960,4641090,NA
BOG,1961,5145040,NA
BOG,1962,4915020,NA
BOG,1963,4466670,NA
BOG,1964,3125540,NA
BOG,1965,3240130,NA
BOG,1966,2846410,NA
BOG,1967,3482340,NA
BOG,1968,3835460,NA
BOG,1969,3909290,NA
BOG,1970,2621110,NA
BOG,1971,2270400,NA
BOG,1972,3430550,NA
BOG,1973,4811310,NA
BOG,1974,5654030,NA
BOG,1975,6246820,NA
BOG,1976,7740740,NA
BOG,1977,7160770,NA
BOG,1978,7371970,NA
BOG,1979,7674050,NA
BOG,1980,7531940,NA
BOG,1981,7364410,NA
BOG,1982,11830020,NA
BOG,1983,11614340,NA
BOG,1984,10538900,NA
BOG,1985,12298280,NA
BOG,1986,13274340,NA
BOG,1987,13882480,NA
BOG,1988,12619550,NA
BOG,1989,15618360,NA
BOG,1990,11363060,NA
BOG,1991,14867630,NA
BOG,1992,14750340,NA
BOG,1993,19864320,NA
BOG,1994,23037650,2.455315085
BOG,1995,10658290,3.368913333
BOG,1996,10528900,2.770430757
BOG,1997,9346450,2.53773243
BOG,1998,6486440,5.992949382
BOG,1999,5659200,7.807496808
BOG,2000,5948780,2.659133309
BOG,2001,5111680,11.25984763
BOG,2002,4663630,NA
BOG,2003,4996870,2.46502434
BOG,2004,4922020,11.95169772
BOG,2005,5267210,5.873389406
BOG,2006,5752630,3.557397312
BOG,2007,5580450,NA
BOG,2008,5443180,8.804764665
BOG,2009,6400710,NA
BOG,2010,4872300,NA
BOG,2011,5110470,NA
BOG,2012,4416460,NA
BOG,2013,4261170,4.92543097
DEC,1950,336980,NA
DEC,1951,276150,NA
DEC,1952,263980,NA
DEC,1953,285000,NA
DEC,1954,362300,NA
DEC,1955,376000,NA
DEC,1956,354900,NA
DEC,1957,428190,NA
DEC,1958,579200,NA
DEC,1959,577100,NA
DEC,1960,598290,NA
DEC,1961,664810,NA
DEC,1962,635630,NA
DEC,1963,580100,NA
DEC,1964,394210,NA
DEC,1965,420490,NA
DEC,1966,404130,NA
DEC,1967,399490,NA
DEC,1968,426790,NA
DEC,1969,460160,NA
DEC,1970,280440,NA
DEC,1971,300850,NA
DEC,1972,326950,NA
DEC,1973,349060,NA
DEC,1974,294870,NA
DEC,1975,334400,NA
DEC,1976,415520,NA
DEC,1977,411910,NA
DEC,1978,448330,NA
DEC,1979,472820,NA
DEC,1980,495110,NA
DEC,1981,457710,NA
DEC,1982,671790,NA
DEC,1983,668650,NA
DEC,1984,669580,NA
DEC,1985,673840,NA
DEC,1986,738800,NA
DEC,1987,740090,NA
DEC,1988,758710,NA
DEC,1989,1000510,NA
DEC,1990,788780,NA
DEC,1991,870250,NA
DEC,1992,1018280,NA
DEC,1993,1034190,NA
DEC,1994,1217860,NA
DEC,1995,1072970,NA
DEC,1996,913750,NA
DEC,1997,919160,NA
DEC,1998,662160,NA
DEC,1999,687200,NA
DEC,2000,768150,NA
DEC,2001,581260,NA
DEC,2002,630730,NA
DEC,2003,627610,NA
DEC,2004,677690,NA
DEC,2005,697940,NA
DEC,2006,754810,NA
DEC,2007,789120,NA
DEC,2008,743290,NA
DEC,2009,777170,NA
DEC,2010,745080,NA
DEC,2011,609050,NA
DEC,2012,498780,NA
DEC,2013,517350,NA
DEL,1950,66590,NA
DEL,1951,54510,NA
DEL,1952,52090,NA
DEL,1953,55880,NA
DEL,1954,69920,NA
DEL,1955,70690,NA
DEL,1956,68760,NA
DEL,1957,82380,NA
DEL,1958,86310,NA
DEL,1959,86120,NA
DEL,1960,89060,NA
DEL,1961,98810,NA
DEL,1962,93980,NA
DEL,1963,85530,NA
DEL,1964,87540,NA
DEL,1965,106610,NA
DEL,1966,107420,NA
DEL,1967,78900,NA
DEL,1968,96350,NA
DEL,1969,105100,NA
DEL,1970,65590,NA
DEL,1971,67120,NA
DEL,1972,68550,NA
DEL,1973,75060,NA
DEL,1974,76330,NA
DEL,1975,81540,NA
DEL,1976,97220,NA
DEL,1977,92670,NA
DEL,1978,101080,NA
DEL,1979,113550,NA
DEL,1980,121400,NA
DEL,1981,104870,NA
DEL,1982,183000,NA
DEL,1983,116180,NA
DEL,1984,148350,NA
DEL,1985,132720,NA
DEL,1986,84250,NA
DEL,1987,101300,NA
DEL,1988,130960,NA
DEL,1989,349790,NA
DEL,1990,280690,NA
DEL,1991,491550,NA
DEL,1992,398530,NA
DEL,1993,255230,NA
DEL,1994,730060,NA
DEL,1995,1592330,NA
DEL,1996,659420,NA
DEL,1997,1086720,NA
DEL,1998,785120,NA
DEL,1999,686450,NA
DEL,2000,535860,NA
DEL,2001,442770,NA
DEL,2002,482460,NA
DEL,2003,541600,NA
DEL,2004,773300,NA
DEL,2005,703300,NA
DEL,2006,797970,NA
DEL,2007,882560,NA
DEL,2008,667100,NA
DEL,2009,710030,NA
DEL,2010,866320,NA
DEL,2011,752720,NA
DEL,2012,555430,NA
DEL,2013,663740,NA
BSS,1982,472300,NA
BSS,1983,415100,NA
BSS,1984,386640,NA
BSS,1985,395110,NA
BSS,1986,648630,NA
BSS,1987,465430,NA
BSS,1988,545590,NA
BSS,1989,1250520,NA
BSS,1990,787070,NA
BSS,1991,815750,NA
BSS,1992,1290850,NA
BSS,1993,1308730,NA
BSS,1994,1202130,NA
BSS,1995,1190430,NA
BSS,1996,1087270,NA
BSS,1997,1126210,NA
BSS,1998,854540,NA
BSS,1999,781970,NA
BSS,2000,840650,NA
BSS,2001,593220,NA
BSS,2002,1063320,NA
BSS,2003,1350300,NA
BSS,2004,1643600,NA
BSS,2005,1986900,NA
BSS,2006,3046090,NA
BSS,2007,2000620,NA
BSS,2008,1212650,NA
BSS,2009,852270,NA
BSS,2010,809150,NA
BSS,2011,707930,NA
BSS,2012,640650,NA
BSS,2013,702520,NA
ANN,1982,980820,NA
ANN,1983,956890,NA
ANN,1984,1331760,NA
ANN,1985,1406590,NA
ANN,1986,1676190,NA
ANN,1987,2024960,NA
ANN,1988,1660130,NA
ANN,1989,2579670,NA
ANN,1990,4303900,NA
ANN,1991,1257300,NA
ANN,1992,2846530,NA
ANN,1993,1738370,NA
ANN,1994,4682570,8.368234288
ANN,1995,3184850,15.02780484
ANN,1996,3494230,20.29516001
ANN,1997,2871850,61.21576127
ANN,1998,2691330,12.48019714
ANN,1999,2358700,23.65920434
ANN,2000,2035110,14.57321217
ANN,2001,1421240,12.10605357
ANN,2002,1545080,NA
ANN,2003,1800780,11.28262033
ANN,2004,3279330,16.7628769
ANN,2005,959790,14.29658186
ANN,2006,2261770,12.93069467
ANN,2007,1434190,NA
ANN,2008,1527330,5.635976372
ANN,2009,1444980,NA
ANN,2010,2122300,NA
ANN,2011,1447640,NA
ANN,2012,1698520,NA
ANN,2013,672130,7.467707651
SWA,1982,1177420,NA
SWA,1983,1251680,NA
SWA,1984,1551540,NA
SWA,1985,1383250,NA
SWA,1986,1571770,NA
SWA,1987,1552910,NA
SWA,1988,1537880,NA
SWA,1989,1935530,NA
SWA,1990,1695390,NA
SWA,1991,1573780,NA
SWA,1992,1956530,NA
SWA,1993,2405070,NA
SWA,1994,2036170,NA
SWA,1995,2065910,NA
SWA,1996,1661790,NA
SWA,1997,1645540,NA
SWA,1998,1265500,NA
SWA,1999,1674510,NA
SWA,2000,1808210,NA
SWA,2001,1082170,NA
SWA,2002,920030,NA
SWA,2003,973470,NA
SWA,2004,891910,NA
SWA,2005,1088080,NA
SWA,2006,985390,NA
SWA,2007,908400,NA
SWA,2008,814440,NA
SWA,2009,842410,NA
SWA,2010,804210,NA
SWA,2011,777110,NA
SWA,2012,652070,NA
SWA,2013,792650,NA
OCM,1950,1930,NA
OCM,1951,1580,NA
OCM,1952,1510,NA
OCM,1953,1640,NA
OCM,1954,2120,NA
OCM,1955,2250,NA
OCM,1956,2070,NA
OCM,1957,2510,NA
OCM,1958,2730,NA
OCM,1959,2710,NA
OCM,1960,2820,NA
OCM,1961,3150,NA
OCM,1962,3010,NA
OCM,1963,2760,NA
OCM,1964,294860,NA
OCM,1965,393250,NA
OCM,1966,345410,NA
OCM,1967,286160,NA
OCM,1968,337570,NA
OCM,1969,344230,NA
OCM,1970,280590,NA
OCM,1971,308080,NA
OCM,1972,276980,NA
OCM,1973,236720,NA
OCM,1974,269210,NA
OCM,1975,331030,NA
OCM,1976,305460,NA
OCM,1977,284400,NA
OCM,1978,336140,NA
OCM,1979,370980,NA
OCM,1980,384870,NA
OCM,1981,337780,NA
OCM,1982,731170,NA
OCM,1983,809430,NA
OCM,1984,705140,NA
OCM,1985,731250,NA
OCM,1986,689560,NA
OCM,1987,564970,NA
OCM,1988,475710,NA
OCM,1989,316100,NA
OCM,1990,443620,NA
OCM,1991,565280,NA
OCM,1992,745370,NA
OCM,1993,829540,NA
OCM,1994,1106150,2.498337087
OCM,1995,1503480,2.070773484
OCM,1996,810970,9.154119574
OCM,1997,708040,5.085300264
OCM,1998,655690,7.474779069
OCM,1999,787210,7.096538952
OCM,2000,815340,7.687336582
OCM,2001,586700,4.497782873
OCM,2002,548270,NA
OCM,2003,771700,9.556059973
OCM,2004,572090,9.726237043
OCM,2005,857720,4.503884516
OCM,2006,968890,7.278343001
OCM,2007,971290,NA
OCM,2008,565800,4.876153477
OCM,2009,633570,NA
OCM,2010,545090,NA
OCM,2011,701320,NA
OCM,2012,592280,NA
OCM,2013,536110,11.23320311
ANE,1950,5860610,NA
ANE,1951,4795040,NA
ANE,1952,4581930,NA
ANE,1953,4901600,NA
ANE,1954,6094360,NA
ANE,1955,6094370,NA
ANE,1956,6002950,NA
ANE,1957,7171040,NA
ANE,1958,8050990,NA
ANE,1959,8041050,NA
ANE,1960,8302800,NA
ANE,1961,9203100,NA
ANE,1962,8799110,NA
ANE,1963,7994490,NA
ANE,1964,5372370,NA
ANE,1965,4173880,NA
ANE,1966,5004050,NA
ANE,1967,6984130,NA
ANE,1968,6078940,NA
ANE,1969,7070130,NA
ANE,1970,6207580,NA
ANE,1971,7796600,NA
ANE,1972,8264690,NA
ANE,1973,7707470,NA
ANE,1974,5196920,NA
ANE,1975,4597350,NA
ANE,1976,8495040,NA
ANE,1977,6905790,NA
ANE,1978,7554130,NA
ANE,1979,8838890,NA
ANE,1980,10803410,NA
ANE,1981,9651930,NA
ANE,1982,13409800,NA
ANE,1983,11476730,NA
ANE,1984,16012080,NA
ANE,1985,17469820,NA
ANE,1986,18184360,NA
ANE,1987,25222410,NA
ANE,1988,19610140,NA
ANE,1989,15027640,NA
ANE,1990,13433090,NA
ANE,1991,13219550,NA
ANE,1992,10710020,NA
ANE,1993,13640330,NA
ANE,1994,16308450,18.28800886
ANE,1995,12704380,3.027507907
ANE,1996,13708190,76.1211357
ANE,1997,12716950,79.65878894
ANE,1998,15714030,69.05283038
ANE,1999,15879950,27.78835136
ANE,2000,9238480,30.37771723
ANE,2001,10377510,11.18881165
ANE,2002,9633260,NA
ANE,2003,13645630,51.31715448
ANE,2004,13525630,50.05086868
ANE,2005,11287190,32.42954742
ANE,2006,14167560,74.30340645
ANE,2007,16302170,NA
ANE,2008,15071750,42.58107374
ANE,2009,14569000,NA
ANE,2010,11838290,NA
ANE,2011,8121850,NA
ANE,2012,8807470,NA
ANE,2013,8510300,168.393629
GPW,1950,317740,NA
GPW,1951,260670,NA
GPW,1952,249260,NA
GPW,1953,270810,NA
GPW,1954,349420,NA
GPW,1955,371350,NA
GPW,1956,341040,NA
GPW,1957,414170,NA
GPW,1958,449930,NA
GPW,1959,447170,NA
GPW,1960,465570,NA
GPW,1961,518690,NA
GPW,1962,496850,NA
GPW,1963,455560,NA
GPW,1964,421080,NA
GPW,1965,434150,NA
GPW,1966,425860,NA
GPW,1967,433850,NA
GPW,1968,462310,NA
GPW,1969,498800,NA
GPW,1970,337130,NA
GPW,1971,349380,NA
GPW,1972,402280,NA
GPW,1973,450660,NA
GPW,1974,400170,NA
GPW,1975,445810,NA
GPW,1976,528720,NA
GPW,1977,506400,NA
GPW,1978,529420,NA
GPW,1979,537580,NA
GPW,1980,575120,NA
GPW,1981,601720,NA
GPW,1982,662640,NA
GPW,1983,619220,NA
GPW,1984,662060,NA
GPW,1985,710990,NA
GPW,1986,765460,NA
GPW,1987,795790,NA
GPW,1988,794320,NA
GPW,1989,1341330,NA
GPW,1990,1180290,NA
GPW,1991,962040,NA
GPW,1992,1128590,NA
GPW,1993,1146640,NA
GPW,1994,1338610,NA
GPW,1995,1291140,NA
GPW,1996,1120610,NA
GPW,1997,1139050,NA
GPW,1998,798790,NA
GPW,1999,858530,NA
GPW,2000,662670,NA
GPW,2001,886690,NA
GPW,2002,667890,NA
GPW,2003,656540,NA
GPW,2004,675640,NA
GPW,2005,683520,NA
GPW,2006,734650,NA
GPW,2007,746890,NA
GPW,2008,673870,NA
GPW,2009,699220,NA
GPW,2010,663510,NA
GPW,2011,585810,NA
GPW,2012,461120,NA
GPW,2013,519990,NA
GPD,1950,498400,NA
GPD,1951,408480,NA
GPD,1952,390500,NA
GPD,1953,421910,NA
GPD,1954,537280,NA
GPD,1955,559220,NA
GPD,1956,526090,NA
GPD,1957,635220,NA
GPD,1958,676900,NA
GPD,1959,673860,NA
GPD,1960,699630,NA
GPD,1961,778140,NA
GPD,1962,743690,NA
GPD,1963,679830,NA
GPD,1964,450550,NA
GPD,1965,471960,NA
GPD,1966,465030,NA
GPD,1967,476360,NA
GPD,1968,506240,NA
GPD,1969,538860,NA
GPD,1970,355590,NA
GPD,1971,367330,NA
GPD,1972,418960,NA
GPD,1973,464370,NA
GPD,1974,410680,NA
GPD,1975,456950,NA
GPD,1976,541650,NA
GPD,1977,515900,NA
GPD,1978,541030,NA
GPD,1979,556990,NA
GPD,1980,604270,NA
GPD,1981,633580,NA
GPD,1982,686270,NA
GPD,1983,646580,NA
GPD,1984,732850,NA
GPD,1985,759850,NA
GPD,1986,840420,NA
GPD,1987,903660,NA
GPD,1988,872900,NA
GPD,1989,1212270,NA
GPD,1990,1232620,NA
GPD,1991,1063020,NA
GPD,1992,1228160,NA
GPD,1993,1269950,NA
GPD,1994,1407310,NA
GPD,1995,1351140,NA
GPD,1996,1193450,NA
GPD,1997,1149190,NA
GPD,1998,788250,NA
GPD,1999,818940,NA
GPD,2000,712720,NA
GPD,2001,683010,NA
GPD,2002,680640,NA
GPD,2003,673670,NA
GPD,2004,677230,NA
GPD,2005,653740,NA
GPD,2006,771000,NA
GPD,2007,722220,NA
GPD,2008,653980,NA
GPD,2009,652480,NA
GPD,2010,565370,NA
GPD,2011,492600,NA
GPD,2012,470950,NA
GPD,2013,494290,NA
SQM,1950,5910,NA
SQM,1951,4850,NA
SQM,1952,4640,NA
SQM,1953,5040,NA
SQM,1954,6500,NA
SQM,1955,6910,NA
SQM,1956,6350,NA
SQM,1957,7710,NA
SQM,1958,8370,NA
SQM,1959,8320,NA
SQM,1960,8660,NA
SQM,1961,9650,NA
SQM,1962,9240,NA
SQM,1963,8480,NA
SQM,1964,165260,NA
SQM,1965,182510,NA
SQM,1966,116260,NA
SQM,1967,197480,NA
SQM,1968,239000,NA
SQM,1969,351050,NA
SQM,1970,324190,NA
SQM,1971,365980,NA
SQM,1972,335050,NA
SQM,1973,355150,NA
SQM,1974,291460,NA
SQM,1975,162990,NA
SQM,1976,156690,NA
SQM,1977,152170,NA
SQM,1978,172460,NA
SQM,1979,209150,NA
SQM,1980,227090,NA
SQM,1981,219740,NA
SQM,1982,267600,NA
SQM,1983,337870,NA
SQM,1984,252350,NA
SQM,1985,262270,NA
SQM,1986,297770,NA
SQM,1987,366840,NA
SQM,1988,371460,NA
SQM,1989,490600,NA
SQM,1990,549090,NA
SQM,1991,358770,NA
SQM,1992,698560,NA
SQM,1993,669100,NA
SQM,1994,739150,4.098221737
SQM,1995,1009010,5.651768819
SQM,1996,874460,12.80041287
SQM,1997,581830,13.74082278
SQM,1998,481420,15.81325024
SQM,1999,587370,25.79933862
SQM,2000,851070,224.0322088
SQM,2001,760590,18.8256
SQM,2002,1004930,NA
SQM,2003,1540630,57.63077752
SQM,2004,1575570,56.34731293
SQM,2005,1068010,45.27725413
SQM,2006,1184070,22.37293061
SQM,2007,1347220,NA
SQM,2008,1324490,38.79105689
SQM,2009,1508380,NA
SQM,2010,1098700,NA
SQM,2011,1383870,NA
SQM,2012,1665870,NA
SQM,2013,1491770,53.66500572
SQR,1950,114400,NA
SQR,1951,93850,NA
SQR,1952,89740,NA
SQR,1953,97500,NA
SQR,1954,125810,NA
SQR,1955,133700,NA
SQR,1956,122790,NA
SQR,1957,149120,NA
SQR,1958,162000,NA
SQR,1959,161000,NA
SQR,1960,167630,NA
SQR,1961,186750,NA
SQR,1962,178890,NA
SQR,1963,164020,NA
SQR,1964,363030,NA
SQR,1965,372880,NA
SQR,1966,385150,NA
SQR,1967,378050,NA
SQR,1968,344110,NA
SQR,1969,337160,NA
SQR,1970,356820,NA
SQR,1971,342410,NA
SQR,1972,369590,NA
SQR,1973,433280,NA
SQR,1974,514880,NA
SQR,1975,589310,NA
SQR,1976,753490,NA
SQR,1977,718770,NA
SQR,1978,952880,NA
SQR,1979,860670,NA
SQR,1980,737980,NA
SQR,1981,750170,NA
SQR,1982,803150,NA
SQR,1983,949000,NA
SQR,1984,756760,NA
SQR,1985,859490,NA
SQR,1986,924090,NA
SQR,1987,1073760,NA
SQR,1988,1188730,NA
SQR,1989,1302690,NA
SQR,1990,1110440,NA
SQR,1991,1787740,NA
SQR,1992,1649000,NA
SQR,1993,2013940,NA
SQR,1994,1492990,1.64016344
SQR,1995,1557570,1.304236413
SQR,1996,1264790,0.865531959
SQR,1997,981380,0.59625869
SQR,1998,716600,0.487405325
SQR,1999,590400,0.802842726
SQR,2000,875080,0.262634067
SQR,2001,573480,0.210625134
SQR,2002,528910,NA
SQR,2003,714190,1.7148952
SQR,2004,752900,0.841715694
SQR,2005,737360,1.857577216
SQR,2006,964790,0.39626803
SQR,2007,941920,NA
SQR,2008,805340,2.008478789
SQR,2009,940260,NA
SQR,2010,844320,NA
SQR,2011,816390,NA
SQR,2012,856360,NA
SQR,2013,940940,0.769170748
MNZ,1982,475530,NA
MNZ,1983,750600,NA
MNZ,1984,598490,NA
MNZ,1985,465080,NA
MNZ,1986,728560,NA
MNZ,1987,1068870,NA
MNZ,1988,459380,NA
MNZ,1989,391960,NA
MNZ,1990,405800,NA
MNZ,1991,605970,NA
MNZ,1992,850520,NA
MNZ,1993,862160,NA
MNZ,1994,1424660,46.64924689
MNZ,1995,1616350,28.61057972
MNZ,1996,1084530,32.57051456
MNZ,1997,952820,30.67882406
MNZ,1998,873060,25.57997293
MNZ,1999,788120,21.89500001
MNZ,2000,934540,17.54804463
MNZ,2001,793380,13.51703183
MNZ,2002,770250,NA
MNZ,2003,883240,18.11233955
MNZ,2004,1124600,15.20485473
MNZ,2005,1410820,17.40736296
MNZ,2006,1606670,13.27648746
MNZ,2007,1597670,NA
MNZ,2008,1102590,15.29855911
MNZ,2009,1330000,NA
MNZ,2010,1239230,NA
MNZ,2011,1399560,NA
MNZ,2012,1032820,NA
MNZ,2013,722390,13.23899334
WHG,1982,257100,NA
WHG,1983,292970,NA
WHG,1984,803930,NA
WHG,1985,521090,NA
WHG,1986,261760,NA
WHG,1987,160240,NA
WHG,1988,127140,NA
WHG,1989,128690,NA
WHG,1990,109380,NA
WHG,1991,384050,NA
WHG,1992,725680,NA
WHG,1993,807330,NA
WHG,1994,741780,0.217400691
WHG,1995,973930,0.060991836
WHG,1996,391020,NA
WHG,1997,316530,NA
WHG,1998,231390,0.101645607
WHG,1999,241150,NA
WHG,2000,372470,0.049093171
WHG,2001,226420,NA
WHG,2002,179350,NA
WHG,2003,299040,0.141814828
WHG,2004,123790,0.185936209
WHG,2005,133650,0.216939931
WHG,2006,215360,0.22743885
WHG,2007,223580,NA
WHG,2008,179980,0.046880095
WHG,2009,171410,NA
WHG,2010,92160,NA
WHG,2011,89810,NA
WHG,2012,62330,NA
WHG,2013,100610,0.453567437
HKE,1950,1074100,NA
HKE,1951,878810,NA
HKE,1952,839750,NA
HKE,1953,898350,NA
HKE,1954,1116980,NA
HKE,1955,1117010,NA
HKE,1956,1100220,NA
HKE,1957,1314310,NA
HKE,1958,1379590,NA
HKE,1959,1377880,NA
HKE,1960,1422740,NA
HKE,1961,1577020,NA
HKE,1962,1499120,NA
HKE,1963,1362050,NA
HKE,1964,998770,NA
HKE,1965,1042400,NA
HKE,1966,934160,NA
HKE,1967,890640,NA
HKE,1968,1274040,NA
HKE,1969,1519000,NA
HKE,1970,1167400,NA
HKE,1971,1197510,NA
HKE,1972,1382510,NA
HKE,1973,1907400,NA
HKE,1974,2080510,NA
HKE,1975,1785390,NA
HKE,1976,2169110,NA
HKE,1977,2278590,NA
HKE,1978,2492340,NA
HKE,1979,2148160,NA
HKE,1980,2191850,NA
HKE,1981,1999590,NA
HKE,1982,2524150,NA
HKE,1983,2880800,NA
HKE,1984,3176030,NA
HKE,1985,3689630,NA
HKE,1986,4917130,NA
HKE,1987,3904910,NA
HKE,1988,4672730,NA
HKE,1989,5127620,NA
HKE,1990,4289540,NA
HKE,1991,3524400,NA
HKE,1992,4572750,NA
HKE,1993,4493200,NA
HKE,1994,6134600,34.62161379
HKE,1995,5166690,27.84090733
HKE,1996,4671410,34.15798031
HKE,1997,4255310,45.98772211
HKE,1998,3413910,41.46455721
HKE,1999,3298080,46.61625048
HKE,2000,3129260,45.03709979
HKE,2001,2886710,32.37626168
HKE,2002,3009720,NA
HKE,2003,3379100,45.73687575
HKE,2004,3910000,44.25622277
HKE,2005,3934510,43.56692283
HKE,2006,4787520,51.04524066
HKE,2007,5458660,NA
HKE,2008,5466360,52.19587052
HKE,2009,5517940,NA
HKE,2010,4801000,NA
HKE,2011,4362940,NA
HKE,2012,4162090,NA
HKE,2013,5278060,30.65505235
WHB,1950,521720,NA
WHB,1951,426860,NA
WHB,1952,407890,NA
WHB,1953,436350,NA
WHB,1954,542530,NA
WHB,1955,542530,NA
WHB,1956,534390,NA
WHB,1957,638380,NA
WHB,1958,679470,NA
WHB,1959,678630,NA
WHB,1960,700720,NA
WHB,1961,776700,NA
WHB,1962,740390,NA
WHB,1963,672680,NA
WHB,1964,248140,NA
WHB,1965,258150,NA
WHB,1966,232210,NA
WHB,1967,220790,NA
WHB,1968,315310,NA
WHB,1969,371480,NA
WHB,1970,289950,NA
WHB,1971,297430,NA
WHB,1972,346320,NA
WHB,1973,477110,NA
WHB,1974,522350,NA
WHB,1975,444950,NA
WHB,1976,533410,NA
WHB,1977,555060,NA
WHB,1978,606460,NA
WHB,1979,523300,NA
WHB,1980,535260,NA
WHB,1981,484600,NA
WHB,1982,753900,NA
WHB,1983,1186550,NA
WHB,1984,931530,NA
WHB,1985,764230,NA
WHB,1986,1280860,NA
WHB,1987,1865570,NA
WHB,1988,1267890,NA
WHB,1989,1776870,NA
WHB,1990,1240500,NA
WHB,1991,1299110,NA
WHB,1992,1640760,NA
WHB,1993,2108590,NA
WHB,1994,2227560,27.07556256
WHB,1995,1925800,17.92143173
WHB,1996,1169140,31.42810865
WHB,1997,1308280,14.30730996
WHB,1998,635990,10.30970552
WHB,1999,423870,58.15857718
WHB,2000,354060,18.35296784
WHB,2001,237570,6.267367225
WHB,2002,491840,NA
WHB,2003,1189580,43.12352999
WHB,2004,1114570,35.40105959
WHB,2005,1143480,33.4679439
WHB,2006,1398040,44.91533155
WHB,2007,1061520,NA
WHB,2008,870580,18.07249327
WHB,2009,626400,NA
WHB,2010,625380,NA
WHB,2011,539920,NA
WHB,2012,563220,NA
WHB,2013,1277120,20.24434429
MUT,1950,1270,NA
MUT,1951,1040,NA
MUT,1952,990,NA
MUT,1953,1080,NA
MUT,1954,1390,NA
MUT,1955,1480,NA
MUT,1956,1360,NA
MUT,1957,1650,NA
MUT,1958,1790,NA
MUT,1959,1780,NA
MUT,1960,1860,NA
MUT,1961,2070,NA
MUT,1962,1980,NA
MUT,1963,1820,NA
MUT,1964,718450,NA
MUT,1965,823000,NA
MUT,1966,872620,NA
MUT,1967,800930,NA
MUT,1968,971350,NA
MUT,1969,946250,NA
MUT,1970,586900,NA
MUT,1971,623060,NA
MUT,1972,592640,NA
MUT,1973,637070,NA
MUT,1974,674410,NA
MUT,1975,732180,NA
MUT,1976,803300,NA
MUT,1977,752030,NA
MUT,1978,839220,NA
MUT,1979,879220,NA
MUT,1980,934220,NA
MUT,1981,837420,NA
MUT,1982,1455410,NA
MUT,1983,1496430,NA
MUT,1984,2055010,NA
MUT,1985,2105340,NA
MUT,1986,2454180,NA
MUT,1987,2046960,NA
MUT,1988,2681580,NA
MUT,1989,2639770,NA
MUT,1990,2679340,NA
MUT,1991,3810820,NA
MUT,1992,3017770,NA
MUT,1993,3324430,NA
MUT,1994,3535010,7.973658466
MUT,1995,2910220,8.889111807
MUT,1996,2813860,9.477451683
MUT,1997,2470870,14.32866572
MUT,1998,1893480,20.59320939
MUT,1999,1790190,24.45900771
MUT,2000,1874100,28.16024739
MUT,2001,1495070,37.97388077
MUT,2002,1491960,NA
MUT,2003,1414650,30.76580041
MUT,2004,1684230,20.80690922
MUT,2005,1996250,10.86569847
MUT,2006,2473110,11.26383941
MUT,2007,2315100,NA
MUT,2008,2156490,11.24214287
MUT,2009,2170360,NA
MUT,2010,2291030,NA
MUT,2011,2071440,NA
MUT,2012,1697900,NA
MUT,2013,1988920,24.95236941
MUR,1950,17160,NA
MUR,1951,14080,NA
MUR,1952,13460,NA
MUR,1953,14630,NA
MUR,1954,18870,NA
MUR,1955,20060,NA
MUR,1956,18420,NA
MUR,1957,22370,NA
MUR,1958,24300,NA
MUR,1959,24150,NA
MUR,1960,25150,NA
MUR,1961,28010,NA
MUR,1962,26840,NA
MUR,1963,24600,NA
MUR,1964,1047550,NA
MUR,1965,1212780,NA
MUR,1966,1259600,NA
MUR,1967,1158510,NA
MUR,1968,1393970,NA
MUR,1969,1358930,NA
MUR,1970,868320,NA
MUR,1971,901910,NA
MUR,1972,861080,NA
MUR,1973,934580,NA
MUR,1974,993120,NA
MUR,1975,1091150,NA
MUR,1976,1202620,NA
MUR,1977,1114600,NA
MUR,1978,1241040,NA
MUR,1979,1271330,NA
MUR,1980,1339120,NA
MUR,1981,1224410,NA
MUR,1982,2256970,NA
MUR,1983,2248850,NA
MUR,1984,2681960,NA
MUR,1985,3467350,NA
MUR,1986,3777770,NA
MUR,1987,3153290,NA
MUR,1988,3726510,NA
MUR,1989,4341080,NA
MUR,1990,3369250,NA
MUR,1991,4106470,NA
MUR,1992,3907590,NA
MUR,1993,3748770,NA
MUR,1994,4672600,7.75803636
MUR,1995,4021590,2.914151829
MUR,1996,3021220,5.15269215
MUR,1997,2727910,8.58026866
MUR,1998,1884200,11.92353013
MUR,1999,1987540,10.37625973
MUR,2000,2443400,7.770850051
MUR,2001,1759560,2.754334203
MUR,2002,1707550,NA
MUR,2003,2027780,10.49947286
MUR,2004,1989110,5.572426019
MUR,2005,2037730,11.59790672
MUR,2006,2308590,7.281379045
MUR,2007,2406600,NA
MUR,2008,2263420,7.478902455
MUR,2009,2397630,NA
MUR,2010,2114290,NA
MUR,2011,1882280,NA
MUR,2012,1881050,NA
MUR,2013,1914880,3.969321361
SDV,1982,795590,NA
SDV,1983,440350,NA
SDV,1984,407030,NA
SDV,1985,407220,NA
SDV,1986,395990,NA
SDV,1987,332940,NA
SDV,1988,408680,NA
SDV,1989,239060,NA
SDV,1990,153540,NA
SDV,1991,212120,NA
SDV,1992,279060,NA
SDV,1993,339090,NA
SDV,1994,357340,0.807122409
SDV,1995,360550,NA
SDV,1996,412160,0.923483318
SDV,1997,484290,0.081035471
SDV,1998,330300,0.866819102
SDV,1999,402050,0.112172027
SDV,2000,447780,0.315755067
SDV,2001,236390,NA
SDV,2002,317540,NA
SDV,2003,233210,1.551722795
SDV,2004,294580,1.130237691
SDV,2005,216680,0.735954293
SDV,2006,324150,0.030759948
SDV,2007,385250,NA
SDV,2008,335200,1.140105366
SDV,2009,386190,NA
SDV,2010,339930,NA
SDV,2011,238760,NA
SDV,2012,260910,NA
SDV,2013,235920,2.670140036
NEP,1982,708250,NA
NEP,1983,769710,NA
NEP,1984,932090,NA
NEP,1985,858310,NA
NEP,1986,1086780,NA
NEP,1987,1196100,NA
NEP,1988,1364590,NA
NEP,1989,1276060,NA
NEP,1990,1676760,NA
NEP,1991,1009610,NA
NEP,1992,789690,NA
NEP,1993,860660,NA
NEP,1994,1150310,4.64194667
NEP,1995,1169260,3.019277949
NEP,1996,556790,2.881032832
NEP,1997,348640,3.839048583
NEP,1998,483300,3.717691677
NEP,1999,279240,4.834059277
NEP,2000,284800,2.812473573
NEP,2001,270990,4.179587397
NEP,2002,260940,NA
NEP,2003,355860,1.181574168
NEP,2004,422220,1.562704073
NEP,2005,390900,2.151939213
NEP,2006,506460,1.602968513
NEP,2007,615320,NA
NEP,2008,508470,1.39615245
NEP,2009,520430,NA
NEP,2010,453700,NA
NEP,2011,424720,NA
NEP,2012,334490,NA
NEP,2013,357100,2.57154928
SBS,1982,1128280,NA
SBS,1983,1216340,NA
SBS,1984,1267950,NA
SBS,1985,1678940,NA
SBS,1986,1754550,NA
SBS,1987,2889990,NA
SBS,1988,3032560,NA
SBS,1989,3586090,NA
SBS,1990,3740770,NA
SBS,1991,2379010,NA
SBS,1992,2874640,NA
SBS,1993,2782480,NA
SBS,1994,2526220,NA
SBS,1995,1630460,NA
SBS,1996,1434140,NA
SBS,1997,935440,NA
SBS,1998,868080,NA
SBS,1999,698900,NA
SBS,2000,982940,NA
SBS,2001,643080,NA
SBS,2002,708390,NA
SBS,2003,788570,NA
SBS,2004,828460,NA
SBS,2005,784520,NA
SBS,2006,892800,NA
SBS,2007,832200,NA
SBS,2008,900640,NA
SBS,2009,929100,NA
SBS,2010,746370,NA
SBS,2011,598530,NA
SBS,2012,497970,NA
SBS,2013,556420,NA
OCC,1950,358900,NA
OCC,1951,294440,NA
OCC,1952,281550,NA
OCC,1953,305890,NA
OCC,1954,394690,NA
OCC,1955,419460,NA
OCC,1956,385220,NA
OCC,1957,467820,NA
OCC,1958,508220,NA
OCC,1959,505100,NA
OCC,1960,525880,NA
OCC,1961,585890,NA
OCC,1962,561210,NA
OCC,1963,514580,NA
OCC,1964,1301590,NA
OCC,1965,1663380,NA
OCC,1966,1504770,NA
OCC,1967,1320030,NA
OCC,1968,1501660,NA
OCC,1969,1577290,NA
OCC,1970,1282420,NA
OCC,1971,1406250,NA
OCC,1972,1341640,NA
OCC,1973,1260510,NA
OCC,1974,1316470,NA
OCC,1975,1607340,NA
OCC,1976,1534340,NA
OCC,1977,1478350,NA
OCC,1978,1676470,NA
OCC,1979,1795760,NA
OCC,1980,1866770,NA
OCC,1981,1719310,NA
OCC,1982,1411900,NA
OCC,1983,1335010,NA
OCC,1984,1205420,NA
OCC,1985,1670180,NA
OCC,1986,2097710,NA
OCC,1987,2133990,NA
OCC,1988,2559410,NA
OCC,1989,2563520,NA
OCC,1990,3890840,NA
OCC,1991,6154030,NA
OCC,1992,9414520,NA
OCC,1993,6342860,NA
OCC,1994,6844590,6.117957248
OCC,1995,7237310,5.047495456
OCC,1996,6475540,14.31794298
OCC,1997,7097550,7.765971096
OCC,1998,4468080,7.756857984
OCC,1999,4811780,6.785417895
OCC,2000,5463960,7.971748464
OCC,2001,5060410,7.258639053
OCC,2002,5533470,NA
OCC,2003,6496170,10.30774018
OCC,2004,7294750,17.44542268
OCC,2005,5810260,10.49349907
OCC,2006,4943920,14.77607816
OCC,2007,4773860,NA
OCC,2008,3702850,9.742898831
OCC,2009,3757520,NA
OCC,2010,3616070,NA
OCC,2011,3558820,NA
OCC,2012,3074750,NA
OCC,2013,4025220,7.628707564
PAC,1950,602790,NA
PAC,1951,493380,NA
PAC,1952,471490,NA
PAC,1953,505480,NA
PAC,1954,631810,NA
PAC,1955,637550,NA
PAC,1956,621510,NA
PAC,1957,744220,NA
PAC,1958,768310,NA
PAC,1959,766780,NA
PAC,1960,792740,NA
PAC,1961,879400,NA
PAC,1962,838530,NA
PAC,1963,762940,NA
PAC,1964,678580,NA
PAC,1965,830560,NA
PAC,1966,841960,NA
PAC,1967,612590,NA
PAC,1968,750340,NA
PAC,1969,818540,NA
PAC,1970,499820,NA
PAC,1971,518380,NA
PAC,1972,531420,NA
PAC,1973,579970,NA
PAC,1974,589360,NA
PAC,1975,620090,NA
PAC,1976,741280,NA
PAC,1977,706990,NA
PAC,1978,777570,NA
PAC,1979,880990,NA
PAC,1980,944960,NA
PAC,1981,803590,NA
PAC,1982,984820,NA
PAC,1983,840860,NA
PAC,1984,908400,NA
PAC,1985,1379870,NA
PAC,1986,2357100,NA
PAC,1987,1513470,NA
PAC,1988,1588700,NA
PAC,1989,1796270,NA
PAC,1990,1210330,NA
PAC,1991,1703800,NA
PAC,1992,1613750,NA
PAC,1993,1879140,NA
PAC,1994,2428460,4.197292843
PAC,1995,2254470,12.70916724
PAC,1996,1571170,7.453996765
PAC,1997,1921530,11.41124295
PAC,1998,1010940,10.79922294
PAC,1999,938750,9.548899996
PAC,2000,913640,11.26477823
PAC,2001,672810,11.41154968
PAC,2002,735200,NA
PAC,2003,749360,12.09127334
PAC,2004,642230,8.443259961
PAC,2005,817640,16.86112661
PAC,2006,986860,7.716103968
PAC,2007,921050,NA
PAC,2008,909320,7.113666846
PAC,2009,1013040,NA
PAC,2010,983210,NA
PAC,2011,1050750,NA
PAC,2012,779100,NA
PAC,2013,1033550,10.4073945
RPG,1950,629620,NA
RPG,1951,515360,NA
RPG,1952,492500,NA
RPG,1953,528110,NA
RPG,1954,660440,NA
RPG,1955,667010,NA
RPG,1956,649590,NA
RPG,1957,778020,NA
RPG,1958,816700,NA
RPG,1959,815030,NA
RPG,1960,842710,NA
RPG,1961,934880,NA
RPG,1962,892670,NA
RPG,1963,812290,NA
RPG,1964,353080,NA
RPG,1965,412900,NA
RPG,1966,399670,NA
RPG,1967,389580,NA
RPG,1968,409720,NA
RPG,1969,437070,NA
RPG,1970,227770,NA
RPG,1971,249950,NA
RPG,1972,249260,NA
RPG,1973,252650,NA
RPG,1974,203660,NA
RPG,1975,223170,NA
RPG,1976,287010,NA
RPG,1977,290640,NA
RPG,1978,327580,NA
RPG,1979,379440,NA
RPG,1980,405670,NA
RPG,1981,351440,NA
RPG,1982,485520,NA
RPG,1983,483720,NA
RPG,1984,579850,NA
RPG,1985,656110,NA
RPG,1986,654420,NA
RPG,1987,804240,NA
RPG,1988,836160,NA
RPG,1989,1309520,NA
RPG,1990,943050,NA
RPG,1991,813360,NA
RPG,1992,1189440,NA
RPG,1993,1174630,NA
RPG,1994,1312100,8.279615188
RPG,1995,1043050,2.287982105
RPG,1996,945530,0.16292793
RPG,1997,952550,NA
RPG,1998,783460,3.242928497
RPG,1999,758140,2.634957622
RPG,2000,810760,1.201124294
RPG,2001,727710,0.471904127
RPG,2002,624120,NA
RPG,2003,591140,5.090488252
RPG,2004,530790,2.70625723
RPG,2005,635400,0.982673107
RPG,2006,800930,1.771680533
RPG,2007,891970,NA
RPG,2008,924650,1.755644954
RPG,2009,958190,NA
RPG,2010,1083590,NA
RPG,2011,1162360,NA
RPG,2012,758640,NA
RPG,2013,736900,NA
SLO,1982,115050,NA
SLO,1983,153390,NA
SLO,1984,191250,NA
SLO,1985,134920,NA
SLO,1986,139960,NA
SLO,1987,153910,NA
SLO,1988,270040,NA
SLO,1989,223290,NA
SLO,1990,167100,NA
SLO,1991,119950,NA
SLO,1992,133390,NA
SLO,1993,126990,NA
SLO,1994,211070,0.318638129
SLO,1995,561490,NA
SLO,1996,226280,NA
SLO,1997,337950,0.306378229
SLO,1998,165650,0.217587684
SLO,1999,125430,0.237588312
SLO,2000,198610,NA
SLO,2001,146120,0.107637983
SLO,2002,107220,NA
SLO,2003,79310,0.087604372
SLO,2004,78000,0.423073072
SLO,2005,136520,0.049343789
SLO,2006,138220,NA
SLO,2007,156390,NA
SLO,2008,147520,0.588113489
SLO,2009,172820,NA
SLO,2010,184260,NA
SLO,2011,159700,NA
SLO,2012,150150,NA
SLO,2013,126500,1.537464585
DPS,1982,419810,NA
DPS,1983,460430,NA
DPS,1984,317530,NA
DPS,1985,347180,NA
DPS,1986,390690,NA
DPS,1987,582980,NA
DPS,1988,793870,NA
DPS,1989,442440,NA
DPS,1990,896830,NA
DPS,1991,767460,NA
DPS,1992,1064300,NA
DPS,1993,1124130,NA
DPS,1994,964130,1.385376855
DPS,1995,990140,4.147741656
DPS,1996,1860340,14.54784299
DPS,1997,2392480,15.87212407
DPS,1998,1944750,10.61494678
DPS,1999,1463810,13.26752357
DPS,2000,1736330,14.45841161
DPS,2001,1834250,11.58298677
DPS,2002,1595820,NA
DPS,2003,2177490,15.00130505
DPS,2004,2799530,15.01954661
DPS,2005,3363460,14.15572815
DPS,2006,3605500,13.31395545
DPS,2007,3324200,NA
DPS,2008,2249640,9.476523286
DPS,2009,2224530,NA
DPS,2010,2178350,NA
DPS,2011,2565380,NA
DPS,2012,1945040,NA
DPS,2013,2205070,17.4194161
TGS,1982,442260,NA
TGS,1983,357710,NA
TGS,1984,500680,NA
TGS,1985,481120,NA
TGS,1986,1284880,NA
TGS,1987,1496180,NA
TGS,1988,1444410,NA
TGS,1989,1396010,NA
TGS,1990,891790,NA
TGS,1991,673990,NA
TGS,1992,1572170,NA
TGS,1993,1016380,NA
TGS,1994,999200,NA
TGS,1995,894500,NA
TGS,1996,746790,NA
TGS,1997,1119160,NA
TGS,1998,1250420,NA
TGS,1999,1183510,NA
TGS,2000,1027730,NA
TGS,2001,698790,NA
TGS,2002,763600,NA
TGS,2003,799990,NA
TGS,2004,1001610,NA
TGS,2005,1186250,NA
TGS,2006,792080,NA
TGS,2007,770050,NA
TGS,2008,775260,NA
TGS,2009,470410,NA
TGS,2010,460450,NA
TGS,2011,642890,NA
TGS,2012,536390,NA
TGS,2013,639670,NA
WRF,1950,191350,NA
WRF,1951,156560,NA
WRF,1952,149600,NA
WRF,1953,160040,NA
WRF,1954,198980,NA
WRF,1955,198980,NA
WRF,1956,195990,NA
WRF,1957,234130,NA
WRF,1958,241100,NA
WRF,1959,240810,NA
WRF,1960,248650,NA
WRF,1961,275610,NA
WRF,1962,261890,NA
WRF,1963,237940,NA
WRF,1964,234290,NA
WRF,1965,257970,NA
WRF,1966,243570,NA
WRF,1967,240870,NA
WRF,1968,256300,NA
WRF,1969,257900,NA
WRF,1970,84800,NA
WRF,1971,86580,NA
WRF,1972,76680,NA
WRF,1973,53960,NA
WRF,1974,43240,NA
WRF,1975,66350,NA
WRF,1976,81780,NA
WRF,1977,70330,NA
WRF,1978,89360,NA
WRF,1979,90570,NA
WRF,1980,183240,NA
WRF,1981,228910,NA
WRF,1982,79210,NA
WRF,1983,210950,NA
WRF,1984,190360,NA
WRF,1985,181430,NA
WRF,1986,251760,NA
WRF,1987,281920,NA
WRF,1988,246940,NA
WRF,1989,498090,NA
WRF,1990,112630,NA
WRF,1991,107430,NA
WRF,1992,107050,NA
WRF,1993,137540,NA
WRF,1994,120290,NA
WRF,1995,108540,NA
WRF,1996,91230,NA
WRF,1997,105490,NA
WRF,1998,173980,NA
WRF,1999,156530,NA
WRF,2000,131190,NA
WRF,2001,83710,NA
WRF,2002,98760,NA
WRF,2003,82850,NA
WRF,2004,50530,NA
WRF,2005,54260,NA
WRF,2006,70450,NA
WRF,2007,73390,NA
WRF,2008,77730,NA
WRF,2009,128240,NA
WRF,2010,99600,NA
WRF,2011,107470,NA
WRF,2012,85230,NA
WRF,2013,51830,NA
BLU,1982,867050,NA
BLU,1983,450180,NA
BLU,1984,316990,NA
BLU,1985,162650,NA
BLU,1986,242070,NA
BLU,1987,423010,NA
BLU,1988,469380,NA
BLU,1989,429120,NA
BLU,1990,363690,NA
BLU,1991,483540,NA
BLU,1992,789820,NA
BLU,1993,912310,NA
BLU,1994,713060,NA
BLU,1995,661510,NA
BLU,1996,301200,NA
BLU,1997,260830,NA
BLU,1998,322040,NA
BLU,1999,498680,NA
BLU,2000,541530,NA
BLU,2001,752500,NA
BLU,2002,860020,NA
BLU,2003,515030,NA
BLU,2004,234100,NA
BLU,2005,491870,NA
BLU,2006,355140,NA
BLU,2007,249540,NA
BLU,2008,262320,NA
BLU,2009,232670,NA
BLU,2010,218720,NA
BLU,2011,268500,NA
BLU,2012,255450,NA
BLU,2013,207970,NA
SKA,1982,1004490,NA
SKA,1983,1349110,NA
SKA,1984,818160,NA
SKA,1985,657590,NA
SKA,1986,735770,NA
SKA,1987,508340,NA
SKA,1988,629970,NA
SKA,1989,435160,NA
SKA,1990,197420,NA
SKA,1991,404000,NA
SKA,1992,314690,NA
SKA,1993,604040,NA
SKA,1994,1429350,19.65172589
SKA,1995,1300420,20.13396895
SKA,1996,951720,30.28181384
SKA,1997,853990,27.60793741
SKA,1998,735540,33.92035378
SKA,1999,713930,28.65137257
SKA,2000,733260,32.18452209
SKA,2001,564170,17.89537215
SKA,2002,502040,NA
SKA,2003,481240,21.17558023
SKA,2004,461540,18.69191626
SKA,2005,476670,16.75772674
SKA,2006,595940,16.13084411
SKA,2007,587160,NA
SKA,2008,582420,18.56691546
SKA,2009,596630,NA
SKA,2010,650670,NA
SKA,2011,663220,NA
SKA,2012,436210,NA
SKA,2013,502130,11.77304172
BON,1950,174920,NA
BON,1951,169360,NA
BON,1952,168250,NA
BON,1953,386250,NA
BON,1954,2480940,NA
BON,1955,4786000,NA
BON,1956,1760460,NA
BON,1957,3494780,NA
BON,1958,979450,NA
BON,1959,691310,NA
BON,1960,1052940,NA
BON,1961,1417950,NA
BON,1962,1487790,NA
BON,1963,1627690,NA
BON,1964,680340,NA
BON,1965,2335830,NA
BON,1966,1687740,NA
BON,1967,1328670,NA
BON,1968,1258940,NA
BON,1969,1478470,NA
BON,1970,677290,NA
BON,1971,462540,NA
BON,1972,468060,NA
BON,1973,401630,NA
BON,1974,387790,NA
BON,1975,514550,NA
BON,1976,416300,NA
BON,1977,442660,NA
BON,1978,509000,NA
BON,1979,564210,NA
BON,1980,631530,NA
BON,1981,951380,NA
BON,1982,1216630,NA
BON,1983,1183620,NA
BON,1984,1489770,NA
BON,1985,1156020,NA
BON,1986,919250,NA
BON,1987,1598910,NA
BON,1988,1106870,NA
BON,1989,2167650,NA
BON,1990,2171790,NA
BON,1991,2309750,NA
BON,1992,2321730,NA
BON,1993,2329540,NA
BON,1994,1429590,NA
BON,1995,1865270,NA
BON,1996,1549920,NA
BON,1997,1388680,NA
BON,1998,850970,NA
BON,1999,1836860,NA
BON,2000,1640510,NA
BON,2001,1334730,NA
BON,2002,1229740,NA
BON,2003,1325510,NA
BON,2004,1149670,NA
BON,2005,1205860,NA
BON,2006,759730,NA
BON,2007,988730,NA
BON,2008,539560,NA
BON,2009,446540,NA
BON,2010,484640,NA
BON,2011,699300,NA
BON,2012,643250,NA
BON,2013,833700,NA
PIL,1950,10692650,NA
PIL,1951,8748540,NA
PIL,1952,8359710,NA
PIL,1953,8942970,NA
PIL,1954,11119210,NA
PIL,1955,11119310,NA
PIL,1956,10952410,NA
PIL,1957,13083620,NA
PIL,1958,14659290,NA
PIL,1959,14641180,NA
PIL,1960,15117790,NA
PIL,1961,16757080,NA
PIL,1962,16023220,NA
PIL,1963,14558030,NA
PIL,1964,11898370,NA
PIL,1965,9566350,NA
PIL,1966,10697730,NA
PIL,1967,8675560,NA
PIL,1968,8836160,NA
PIL,1969,10889020,NA
PIL,1970,9079710,NA
PIL,1971,9103090,NA
PIL,1972,12221490,NA
PIL,1973,14313360,NA
PIL,1974,11459700,NA
PIL,1975,13329420,NA
PIL,1976,13513790,NA
PIL,1977,13001990,NA
PIL,1978,12624270,NA
PIL,1979,13358670,NA
PIL,1980,12658880,NA
PIL,1981,13179670,NA
PIL,1982,13068650,NA
PIL,1983,10690730,NA
PIL,1984,10485640,NA
PIL,1985,12363620,NA
PIL,1986,11399850,NA
PIL,1987,10549560,NA
PIL,1988,9829880,NA
PIL,1989,10402460,NA
PIL,1990,10328250,NA
PIL,1991,14545950,NA
PIL,1992,20262690,NA
PIL,1993,21736260,NA
PIL,1994,21206780,32.21675941
PIL,1995,20413970,6.526254164
PIL,1996,19602500,64.21460739
PIL,1997,21135170,55.13610942
PIL,1998,19085930,16.77067639
PIL,1999,17228420,48.37530708
PIL,2000,17306280,48.05191135
PIL,2001,14696170,11.01861123
PIL,2002,16447540,NA
PIL,2003,7805320,36.14730096
PIL,2004,8735990,28.62966957
PIL,2005,10369080,6.716763092
PIL,2006,10829820,1.608762309
PIL,2007,9369650,NA
PIL,2008,10011730,9.462498065
PIL,2009,10161800,NA
PIL,2010,6280450,NA
PIL,2011,5442500,NA
PIL,2012,4413410,NA
PIL,2013,6242580,51.7949739
SAA,1982,244610,NA
SAA,1983,109920,NA
SAA,1984,73250,NA
SAA,1985,175390,NA
SAA,1986,215830,NA
SAA,1987,320780,NA
SAA,1988,444440,NA
SAA,1989,110120,NA
SAA,1990,183030,NA
SAA,1991,428140,NA
SAA,1992,722950,NA
SAA,1993,718130,NA
SAA,1994,1065750,0.015967083
SAA,1995,1146840,0.110655248
SAA,1996,1618020,NA
SAA,1997,1932840,0.321916881
SAA,1998,2426150,0.113223824
SAA,1999,3894510,0.206652155
SAA,2000,2251010,0.015232606
SAA,2001,4502570,0.067145281
SAA,2002,4378470,NA
SAA,2003,3422610,0.021940909
SAA,2004,5271460,3.168527152
SAA,2005,3519330,0.089911222
SAA,2006,6600900,0.027080011
SAA,2007,6969320,NA
SAA,2008,7837560,0.159772669
SAA,2009,4420520,NA
SAA,2010,2404220,NA
SAA,2011,1987290,NA
SAA,2012,1836230,NA
SAA,2013,2378560,0.240024059
SLM,1950,101830,NA
SLM,1951,83410,NA
SLM,1952,79720,NA
SLM,1953,85830,NA
SLM,1954,108390,NA
SLM,1955,111270,NA
SLM,1956,106350,NA
SLM,1957,127930,NA
SLM,1958,140190,NA
SLM,1959,139720,NA
SLM,1960,144780,NA
SLM,1961,160820,NA
SLM,1962,153810,NA
SLM,1963,140280,NA
SLM,1964,117240,NA
SLM,1965,118990,NA
SLM,1966,110780,NA
SLM,1967,126440,NA
SLM,1968,137600,NA
SLM,1969,142860,NA
SLM,1970,99240,NA
SLM,1971,92730,NA
SLM,1972,127570,NA
SLM,1973,168670,NA
SLM,1974,183930,NA
SLM,1975,202890,NA
SLM,1976,244810,NA
SLM,1977,230640,NA
SLM,1978,235210,NA
SLM,1979,242990,NA
SLM,1980,242490,NA
SLM,1981,235660,NA
SLM,1982,240940,NA
SLM,1983,273170,NA
SLM,1984,251800,NA
SLM,1985,321790,NA
SLM,1986,392690,NA
SLM,1987,390130,NA
SLM,1988,458800,NA
SLM,1989,654860,NA
SLM,1990,530200,NA
SLM,1991,780850,NA
SLM,1992,1062140,NA
SLM,1993,960700,NA
SLM,1994,1483840,NA
SLM,1995,904110,NA
SLM,1996,907070,NA
SLM,1997,710520,NA
SLM,1998,665770,NA
SLM,1999,618760,NA
SLM,2000,562250,NA
SLM,2001,523630,NA
SLM,2002,487880,NA
SLM,2003,576500,NA
SLM,2004,393460,NA
SLM,2005,469910,NA
SLM,2006,452750,NA
SLM,2007,482880,NA
SLM,2008,420270,NA
SLM,2009,712370,NA
SLM,2010,424030,NA
SLM,2011,391320,NA
SLM,2012,389350,NA
SLM,2013,406240,NA
VMA,1950,869940,NA
VMA,1951,711840,NA
VMA,1952,680220,NA
VMA,1953,728120,NA
VMA,1954,906640,NA
VMA,1955,908940,NA
VMA,1956,892710,NA
VMA,1957,1067130,NA
VMA,1958,1157930,NA
VMA,1959,1156270,NA
VMA,1960,1194310,NA
VMA,1961,1324090,NA
VMA,1962,1266230,NA
VMA,1963,1150870,NA
VMA,1964,922130,NA
VMA,1965,862050,NA
VMA,1966,659300,NA
VMA,1967,1731540,NA
VMA,1968,1750960,NA
VMA,1969,1312510,NA
VMA,1970,783810,NA
VMA,1971,858890,NA
VMA,1972,896700,NA
VMA,1973,1024300,NA
VMA,1974,977200,NA
VMA,1975,1360230,NA
VMA,1976,2103620,NA
VMA,1977,2161200,NA
VMA,1978,2225550,NA
VMA,1979,2134160,NA
VMA,1980,1637370,NA
VMA,1981,1823480,NA
VMA,1982,2196590,NA
VMA,1983,4004780,NA
VMA,1984,3180790,NA
VMA,1985,3618410,NA
VMA,1986,3220990,NA
VMA,1987,3679510,NA
VMA,1988,3751900,NA
VMA,1989,4885750,NA
VMA,1990,3106200,NA
VMA,1991,4623180,NA
VMA,1992,5320020,NA
VMA,1993,12645370,NA
VMA,1994,16688100,0.049244075
VMA,1995,7334320,0.022342548
VMA,1996,7021010,0.023957052
VMA,1997,5801960,0.119735969
VMA,1998,2065770,0.03901331
VMA,1999,1853680,0.430186492
VMA,2000,2477790,0.702122397
VMA,2001,1779000,0.02340674
VMA,2002,2980240,NA
VMA,2003,2565120,0.079321673
VMA,2004,2817730,5.758141221
VMA,2005,3601750,0.045586591
VMA,2006,3578340,0.019434744
VMA,2007,3305930,NA
VMA,2008,2123680,0.031025743
VMA,2009,2379850,NA
VMA,2010,2962810,NA
VMA,2011,2044510,NA
VMA,2012,1490420,NA
VMA,2013,1752990,0.438923418
MAC,1982,489280,NA
MAC,1983,476050,NA
MAC,1984,1112710,NA
MAC,1985,735290,NA
MAC,1986,593470,NA
MAC,1987,1269550,NA
MAC,1988,911960,NA
MAC,1989,2035180,NA
MAC,1990,3955990,NA
MAC,1991,2017350,NA
MAC,1992,3443450,NA
MAC,1993,2371780,NA
MAC,1994,2098260,0.052330179
MAC,1995,1216050,0.00698843
MAC,1996,1722400,0.031383253
MAC,1997,604490,0.035165146
MAC,1998,364810,0.051717506
MAC,1999,475830,0.036039343
MAC,2000,935830,0.138798569
MAC,2001,363450,0.098354797
MAC,2002,575680,NA
MAC,2003,638150,0.423948902
MAC,2004,701310,0.228965285
MAC,2005,691370,6.897218838
MAC,2006,1347590,1.005364691
MAC,2007,916210,NA
MAC,2008,540980,0.253641251
MAC,2009,522330,NA
MAC,2010,342720,NA
MAC,2011,266590,NA
MAC,2012,258000,NA
MAC,2013,185510,1.781030941
TUR,1950,16820,NA
TUR,1951,13790,NA
TUR,1952,13180,NA
TUR,1953,14240,NA
TUR,1954,18110,NA
TUR,1955,18830,NA
TUR,1956,17740,NA
TUR,1957,21410,NA
TUR,1958,22940,NA
TUR,1959,22840,NA
TUR,1960,23710,NA
TUR,1961,26370,NA
TUR,1962,25190,NA
TUR,1963,23020,NA
TUR,1964,25880,NA
TUR,1965,26510,NA
TUR,1966,27790,NA
TUR,1967,31740,NA
TUR,1968,37100,NA
TUR,1969,42600,NA
TUR,1970,28870,NA
TUR,1971,31500,NA
TUR,1972,38680,NA
TUR,1973,46500,NA
TUR,1974,43470,NA
TUR,1975,58640,NA
TUR,1976,73980,NA
TUR,1977,63120,NA
TUR,1978,61580,NA
TUR,1979,57330,NA
TUR,1980,62910,NA
TUR,1981,51090,NA
TUR,1982,37990,NA
TUR,1983,37980,NA
TUR,1984,47770,NA
TUR,1985,44040,NA
TUR,1986,132570,NA
TUR,1987,462020,NA
TUR,1988,238360,NA
TUR,1989,224320,NA
TUR,1990,113780,NA
TUR,1991,131910,NA
TUR,1992,204900,NA
TUR,1993,244440,NA
TUR,1994,179610,NA
TUR,1995,170520,NA
TUR,1996,105210,NA
TUR,1997,114680,NA
TUR,1998,82740,NA
TUR,1999,107240,NA
TUR,2000,100240,NA
TUR,2001,105180,NA
TUR,2002,103010,NA
TUR,2003,99910,NA
TUR,2004,72180,NA
TUR,2005,98760,NA
TUR,2006,75810,NA
TUR,2007,111760,NA
TUR,2008,136230,NA
TUR,2009,121210,NA
TUR,2010,107930,NA
TUR,2011,98190,NA
TUR,2012,81910,NA
TUR,2013,87430,NA
SCL,1982,186250,NA
SCL,1983,184860,NA
SCL,1984,417820,NA
SCL,1985,353950,NA
SCL,1986,355610,NA
SCL,1987,250480,NA
SCL,1988,239670,NA
SCL,1989,339720,NA
SCL,1990,219110,NA
SCL,1991,278320,NA
SCL,1992,247760,NA
SCL,1993,215260,NA
SCL,1994,250880,14.01475151
SCL,1995,378300,8.292370087
SCL,1996,338350,21.71350362
SCL,1997,287000,22.1802736
SCL,1998,468100,25.01725864
SCL,1999,399110,22.50135239
SCL,2000,437080,22.41438614
SCL,2001,320990,12.25369488
SCL,2002,179750,NA
SCL,2003,218460,19.8105047
SCL,2004,213480,13.11526982
SCL,2005,192120,19.68646719
SCL,2006,105850,14.19649236
SCL,2007,85860,NA
SCL,2008,83320,21.48635874
SCL,2009,107510,NA
SCL,2010,116160,NA
SCL,2011,145880,NA
SCL,2012,135470,NA
SCL,2013,144690,9.865206778
CTC,1950,1586770,NA
CTC,1951,1298330,NA
CTC,1952,1240640,NA
CTC,1953,1327580,NA
CTC,1954,1651810,NA
CTC,1955,1653840,NA
CTC,1956,1626750,NA
CTC,1957,1943910,NA
CTC,1958,2083690,NA
CTC,1959,2080920,NA
CTC,1960,2149010,NA
CTC,1961,2382280,NA
CTC,1962,2274580,NA
CTC,1963,2066970,NA
CTC,1964,1101150,NA
CTC,1965,1143990,NA
CTC,1966,1091000,NA
CTC,1967,1195050,NA
CTC,1968,1118490,NA
CTC,1969,1163420,NA
CTC,1970,775270,NA
CTC,1971,740610,NA
CTC,1972,641720,NA
CTC,1973,842140,NA
CTC,1974,856780,NA
CTC,1975,1205880,NA
CTC,1976,1383730,NA
CTC,1977,1276760,NA
CTC,1978,1398260,NA
CTC,1979,1159350,NA
CTC,1980,1159540,NA
CTC,1981,993390,NA
CTC,1982,904600,NA
CTC,1983,1047720,NA
CTC,1984,1382540,NA
CTC,1985,1641970,NA
CTC,1986,2395110,NA
CTC,1987,2021720,NA
CTC,1988,2749880,NA
CTC,1989,2942990,NA
CTC,1990,4123470,NA
CTC,1991,3409620,NA
CTC,1992,3269650,NA
CTC,1993,3456120,NA
CTC,1994,5009250,0.527092516
CTC,1995,4652520,2.211991456
CTC,1996,3264300,0.946179434
CTC,1997,4603110,0.74000819
CTC,1998,4047630,3.81577446
CTC,1999,5463420,3.270587553
CTC,2000,2881990,3.722254186
CTC,2001,3491060,1.212447826
CTC,2002,5669070,NA
CTC,2003,5658890,2.131555138
CTC,2004,3548960,0.941906556
CTC,2005,2996700,1.682643042
CTC,2006,3589140,0.641965973
CTC,2007,3610820,NA
CTC,2008,2697820,0.901787408
CTC,2009,2962970,NA
CTC,2010,2771990,NA
CTC,2011,2635770,NA
CTC,2012,2105460,NA
CTC,2013,2741930,0.018573065
AMB,1982,277810,NA
AMB,1983,239850,NA
AMB,1984,252480,NA
AMB,1985,270020,NA
AMB,1986,290390,NA
AMB,1987,301460,NA
AMB,1988,306190,NA
AMB,1989,350830,NA
AMB,1990,377940,NA
AMB,1991,533690,NA
AMB,1992,528740,NA
AMB,1993,476010,NA
AMB,1994,633690,NA
AMB,1995,733740,NA
AMB,1996,1056090,NA
AMB,1997,673440,NA
AMB,1998,496750,NA
AMB,1999,446170,NA
AMB,2000,370890,NA
AMB,2001,603050,NA
AMB,2002,482410,NA
AMB,2003,418730,NA
AMB,2004,451960,NA
AMB,2005,564720,NA
AMB,2006,547170,NA
AMB,2007,596500,NA
AMB,2008,484660,NA
AMB,2009,586930,NA
AMB,2010,584020,NA
AMB,2011,418950,NA
AMB,2012,615710,NA
AMB,2013,586750,NA
BAS,1982,219010,NA
BAS,1983,302730,NA
BAS,1984,329910,NA
BAS,1985,316820,NA
BAS,1986,284600,NA
BAS,1987,355790,NA
BAS,1988,318430,NA
BAS,1989,437010,NA
BAS,1990,526570,NA
BAS,1991,561640,NA
BAS,1992,588560,NA
BAS,1993,607820,NA
BAS,1994,1083990,7.49752331
BAS,1995,702230,7.243711287
BAS,1996,774850,6.395769966
BAS,1997,1222060,2.948620798
BAS,1998,493230,8.896622878
BAS,1999,495990,9.08424896
BAS,2000,436190,11.59089053
BAS,2001,441570,9.866275778
BAS,2002,413320,NA
BAS,2003,395280,15.98603089
BAS,2004,299810,15.03970923
BAS,2005,384380,10.809047
BAS,2006,395730,7.721178911
BAS,2007,400010,NA
BAS,2008,405810,4.826531461
BAS,2009,408190,NA
BAS,2010,638920,NA
BAS,2011,654550,NA
BAS,2012,654190,NA
BAS,2013,522900,3.675418667
SOL,1950,176620,NA
SOL,1951,144520,NA
SOL,1952,138090,NA
SOL,1953,147760,NA
SOL,1954,183820,NA
SOL,1955,183990,NA
SOL,1956,181040,NA
SOL,1957,216320,NA
SOL,1958,234010,NA
SOL,1959,233700,NA
SOL,1960,241340,NA
SOL,1961,267530,NA
SOL,1962,255520,NA
SOL,1963,232180,NA
SOL,1964,337670,NA
SOL,1965,349990,NA
SOL,1966,381420,NA
SOL,1967,463940,NA
SOL,1968,566820,NA
SOL,1969,663250,NA
SOL,1970,426340,NA
SOL,1971,476290,NA
SOL,1972,595930,NA
SOL,1973,730010,NA
SOL,1974,695060,NA
SOL,1975,1006240,NA
SOL,1976,1292430,NA
SOL,1977,1063000,NA
SOL,1978,1017230,NA
SOL,1979,918990,NA
SOL,1980,1040170,NA
SOL,1981,768670,NA
SOL,1982,1461360,NA
SOL,1983,1644910,NA
SOL,1984,1919980,NA
SOL,1985,1768750,NA
SOL,1986,2377780,NA
SOL,1987,2539800,NA
SOL,1988,2903440,NA
SOL,1989,3197880,NA
SOL,1990,6242020,NA
SOL,1991,3374880,NA
SOL,1992,3535780,NA
SOL,1993,3794310,NA
SOL,1994,2963310,0.806738065
SOL,1995,2169250,0.286550154
SOL,1996,1784300,1.65756931
SOL,1997,1717950,0.37328254
SOL,1998,1217320,0.288144053
SOL,1999,865890,0.361357744
SOL,2000,1022980,0.660813889
SOL,2001,834770,0.328171924
SOL,2002,977580,NA
SOL,2003,1437380,0.212298123
SOL,2004,1495690,0.403641681
SOL,2005,1812810,0.288156387
SOL,2006,2675130,0.334225286
SOL,2007,1881860,NA
SOL,2008,1277270,0.470788636
SOL,2009,1124910,NA
SOL,2010,984390,NA
SOL,2011,905130,NA
SOL,2012,834410,NA
SOL,2013,1332120,0.607829107
BPI,1950,940790,NA
BPI,1951,769760,NA
BPI,1952,735550,NA
BPI,1953,786990,NA
BPI,1954,978840,NA
BPI,1955,979450,NA
BPI,1956,964070,NA
BPI,1957,1151850,NA
BPI,1958,1239730,NA
BPI,1959,1238140,NA
BPI,1960,1278550,NA
BPI,1961,1417260,NA
BPI,1962,1350890,NA
BPI,1963,1227470,NA
BPI,1964,1435170,NA
BPI,1965,1454980,NA
BPI,1966,1400130,NA
BPI,1967,1329870,NA
BPI,1968,1355220,NA
BPI,1969,1379450,NA
BPI,1970,1286360,NA
BPI,1971,1267260,NA
BPI,1972,1359850,NA
BPI,1973,1301720,NA
BPI,1974,1255950,NA
BPI,1975,1294780,NA
BPI,1976,1385340,NA
BPI,1977,1506160,NA
BPI,1978,1438970,NA
BPI,1979,1277530,NA
BPI,1980,1174040,NA
BPI,1981,1308020,NA
BPI,1982,1082040,NA
BPI,1983,884050,NA
BPI,1984,732520,NA
BPI,1985,719080,NA
BPI,1986,836020,NA
BPI,1987,952580,NA
BPI,1988,1696520,NA
BPI,1989,1553640,NA
BPI,1990,1051890,NA
BPI,1991,1099220,NA
BPI,1992,1104030,NA
BPI,1993,1413590,NA
BPI,1994,1894510,0.041490908
BPI,1995,1434910,0.015729122
BPI,1996,2682180,0.420606201
BPI,1997,3072180,0.071800633
BPI,1998,1137200,0.042485665
BPI,1999,634740,1.816559675
BPI,2000,934300,0.122783666
BPI,2001,484880,0.012243381
BPI,2002,617580,NA
BPI,2003,746290,4.115136013
BPI,2004,728870,0.413790688
BPI,2005,872900,4.464184141
BPI,2006,653060,0.414141996
BPI,2007,1065560,NA
BPI,2008,836690,1.433450966
BPI,2009,1180150,NA
BPI,2010,630830,NA
BPI,2011,601300,NA
BPI,2012,614150,NA
BPI,2013,495880,0.075191678
SPC,1950,7806380,NA
SPC,1951,6387040,NA
SPC,1952,6103170,NA
SPC,1953,6528970,NA
SPC,1954,8117740,NA
SPC,1955,8117750,NA
SPC,1956,7995980,NA
SPC,1957,9551880,NA
SPC,1958,10384890,NA
SPC,1959,10372070,NA
SPC,1960,10709690,NA
SPC,1961,11870990,NA
SPC,1962,11326170,NA
SPC,1963,10290470,NA
SPC,1964,7093520,NA
SPC,1965,7261240,NA
SPC,1966,6864560,NA
SPC,1967,6507710,NA
SPC,1968,6708010,NA
SPC,1969,6827150,NA
SPC,1970,6498880,NA
SPC,1971,6273610,NA
SPC,1972,6676070,NA
SPC,1973,6557170,NA
SPC,1974,6350820,NA
SPC,1975,6673190,NA
SPC,1976,7036770,NA
SPC,1977,7646120,NA
SPC,1978,7226840,NA
SPC,1979,6385470,NA
SPC,1980,5831150,NA
SPC,1981,6531820,NA
SPC,1982,9163850,NA
SPC,1983,8834080,NA
SPC,1984,8057980,NA
SPC,1985,8281040,NA
SPC,1986,8038500,NA
SPC,1987,8379110,NA
SPC,1988,8001460,NA
SPC,1989,9822210,NA
SPC,1990,7020640,NA
SPC,1991,11452910,NA
SPC,1992,7070360,NA
SPC,1993,7191750,NA
SPC,1994,15733890,0.795844602
SPC,1995,5693410,7.827400851
SPC,1996,6943500,4.861013291
SPC,1997,6486490,13.89600086
SPC,1998,3729550,13.50154311
SPC,1999,2409260,21.34225087
SPC,2000,3159990,17.28092494
SPC,2001,2978330,38.49639387
SPC,2002,2836920,NA
SPC,2003,2545270,35.57087513
SPC,2004,3253330,47.22922762
SPC,2005,2880850,43.27010748
SPC,2006,3243320,34.11579348
SPC,2007,2997570,NA
SPC,2008,3408350,25.00681784
SPC,2009,3298340,NA
SPC,2010,2089620,NA
SPC,2011,1873170,NA
SPC,2012,2657330,NA
SPC,2013,2050770,9.56381068
BRB,1950,220910,NA
BRB,1951,180980,NA
BRB,1952,173000,NA
BRB,1953,186480,NA
BRB,1954,236160,NA
BRB,1955,243600,NA
BRB,1956,231560,NA
BRB,1957,278910,NA
BRB,1958,393950,NA
BRB,1959,392720,NA
BRB,1960,406800,NA
BRB,1961,451810,NA
BRB,1962,431950,NA
BRB,1963,393860,NA
BRB,1964,407150,NA
BRB,1965,477560,NA
BRB,1966,564760,NA
BRB,1967,532770,NA
BRB,1968,690820,NA
BRB,1969,715040,NA
BRB,1970,323270,NA
BRB,1971,350770,NA
BRB,1972,424830,NA
BRB,1973,423600,NA
BRB,1974,373490,NA
BRB,1975,429950,NA
BRB,1976,617310,NA
BRB,1977,619710,NA
BRB,1978,781930,NA
BRB,1979,964700,NA
BRB,1980,1026870,NA
BRB,1981,708810,NA
BRB,1982,701130,NA
BRB,1983,618420,NA
BRB,1984,684530,NA
BRB,1985,847750,NA
BRB,1986,1005080,NA
BRB,1987,887200,NA
BRB,1988,1001940,NA
BRB,1989,1380190,NA
BRB,1990,1024630,NA
BRB,1991,1453040,NA
BRB,1992,1044570,NA
BRB,1993,1166380,NA
BRB,1994,1191150,0.23134366
BRB,1995,1026220,0.109690556
BRB,1996,1017240,0.107602058
BRB,1997,887350,NA
BRB,1998,708650,NA
BRB,1999,631380,NA
BRB,2000,516830,NA
BRB,2001,436130,NA
BRB,2002,488410,NA
BRB,2003,454990,NA
BRB,2004,419630,0.059464601
BRB,2005,379450,0.051968766
BRB,2006,421910,0.002479887
BRB,2007,399270,NA
BRB,2008,365380,0.016434309
BRB,2009,418670,NA
BRB,2010,443080,NA
BRB,2011,367710,NA
BRB,2012,321860,NA
BRB,2013,380310,0.039740603
JAX,1950,3153660,NA
JAX,1951,2580430,NA
JAX,1952,2465780,NA
JAX,1953,2638760,NA
JAX,1954,3283760,NA
JAX,1955,3288740,NA
JAX,1956,3233790,NA
JAX,1957,3864570,NA
JAX,1958,4230490,NA
JAX,1959,4224770,NA
JAX,1960,4363160,NA
JAX,1961,4836870,NA
JAX,1962,4616300,NA
JAX,1963,4195120,NA
JAX,1964,4109070,NA
JAX,1965,3718650,NA
JAX,1966,2964440,NA
JAX,1967,3428010,NA
JAX,1968,3805970,NA
JAX,1969,3933980,NA
JAX,1970,2996790,NA
JAX,1971,3130980,NA
JAX,1972,4816050,NA
JAX,1973,6006630,NA
JAX,1974,7509640,NA
JAX,1975,8090320,NA
JAX,1976,9661530,NA
JAX,1977,9483640,NA
JAX,1978,11325100,NA
JAX,1979,10979780,NA
JAX,1980,10219990,NA
JAX,1981,9518230,NA
JAX,1982,10175110,NA
JAX,1983,9432490,NA
JAX,1984,10507910,NA
JAX,1985,13796000,NA
JAX,1986,14355210,NA
JAX,1987,12318330,NA
JAX,1988,9883550,NA
JAX,1989,9018490,NA
JAX,1990,7106110,NA
JAX,1991,10180570,NA
JAX,1992,11192270,NA
JAX,1993,11189830,NA
JAX,1994,15401720,2.54658679
JAX,1995,12382520,0.018991389
JAX,1996,12518100,0.630018112
JAX,1997,12215270,0.706183444
JAX,1998,6805350,0.334351558
JAX,1999,5446380,0.525499967
JAX,2000,5381430,0.004525156
JAX,2001,4732040,0.81140996
JAX,2002,4093980,NA
JAX,2003,3318010,1.984556297
JAX,2004,3292540,0.306669278
JAX,2005,3290500,1.266141543
JAX,2006,4002640,0.224828315
JAX,2007,3643070,NA
JAX,2008,3773860,0.065088651
JAX,2009,3793660,NA
JAX,2010,3298350,NA
JAX,2011,2990080,NA
JAX,2012,2474290,NA
JAX,2013,2154950,0.863046334
COB,1982,93560,NA
COB,1983,62210,NA
COB,1984,76510,NA
COB,1985,49130,NA
COB,1986,84760,NA
COB,1987,110740,NA
COB,1988,111870,NA
COB,1989,80580,NA
COB,1990,120180,NA
COB,1991,101180,NA
COB,1992,103800,NA
COB,1993,72350,NA
COB,1994,86720,NA
COB,1995,120650,NA
COB,1996,158610,NA
COB,1997,64160,NA
COB,1998,115070,NA
COB,1999,90090,NA
COB,2000,97660,NA
COB,2001,75730,NA
COB,2002,99480,NA
COB,2003,83710,NA
COB,2004,44370,NA
COB,2005,60780,NA
COB,2006,41080,NA
COB,2007,39090,NA
COB,2008,34200,NA
COB,2009,49190,NA
COB,2010,102350,NA
COB,2011,40930,NA
COB,2012,40290,NA
COB,2013,43180,NA
SWO,1981,82990,NA
SWO,1982,704990,NA
SWO,1983,704080,NA
SWO,1984,985890,NA
SWO,1985,944850,NA
SWO,1986,1563200,NA
SWO,1987,1188360,NA
SWO,1988,919310,NA
SWO,1989,1021460,NA
SWO,1990,1225750,NA
SWO,1991,1736480,NA
SWO,1992,1327900,NA
SWO,1993,1430040,NA
SWO,1994,2298280,NA
SWO,1995,888300,NA
SWO,1996,1128160,NA
SWO,1997,684010,NA
SWO,1998,1504830,NA
SWO,1999,1386260,NA
SWO,2000,1787550,NA
SWO,2001,1577790,NA
SWO,2002,1532190,NA
SWO,2003,1121780,NA
SWO,2004,1029800,NA
SWO,2005,1298500,NA
SWO,2006,1252990,NA
SWO,2007,1739160,NA
SWO,2008,902080,NA
SWO,2009,1032160,NA
SWO,2010,1362550,NA
SWO,2011,1191380,NA
SWO,2012,800120,NA
SWO,2013,1578270,NA
JOD,1982,118670,NA
JOD,1983,120730,NA
JOD,1984,101670,NA
JOD,1985,96040,NA
JOD,1986,47660,NA
JOD,1987,124970,NA
JOD,1988,111680,NA
JOD,1989,196340,NA
JOD,1990,189050,NA
JOD,1991,345840,NA
JOD,1992,411120,NA
JOD,1993,319100,NA
JOD,1994,432060,14.71725854
JOD,1995,634580,5.438963832
JOD,1996,776630,8.295065383
JOD,1997,355390,9.071626862
JOD,1998,382750,7.181803723
JOD,1999,250410,5.237467503
JOD,2000,221060,6.583747819
JOD,2001,332690,4.297294016
JOD,2002,246630,NA
JOD,2003,226310,7.55239449
JOD,2004,208330,5.571070392
JOD,2005,245830,6.941895948
JOD,2006,451860,6.552127338
JOD,2007,548070,NA
JOD,2008,755140,7.229008284
JOD,2009,595830,NA
JOD,2010,344630,NA
JOD,2011,387120,NA
JOD,2012,285400,NA
JOD,2013,310870,6.522508375
