"Group","Region","Subregion","Name","SciName","Stock","start.yr","end.yr","start.yr.new","btype","N bt","start.yr.cpue","end.yr.cpue","min.cpue","max.cpue","min.yr.cpue","max.yr.cpue","endbio.low","endbio.hi","q.prior.low","q.prior.hi","MaxCatch","MSY_prior","MeanLast5RawCatch","SDLast5RawCatch","LastCatch","MinSmoothCatch","MaxSmoothCatch","MeanSmoothCatch","gMeanPrior_r","MSY_BSM","lcl.MSY_BSM","ucl.MSY_BSM","r_BSM","lcl.r_BSM","ucl.r_BSM","log.r_var","k_BSM","lcl.k_BSM","ucl.k_BSM","log.k_var","log.kr_cor","log.kr_cov","q_BSM","lcl.q_BSM","ucl.q_BSM","rel_B_BSM","lcl.rel_B_BSM","ucl.rel_B_BSM","rel_start_B_BSM","lcl.rel_start_B_BSM","ucl.rel_start_B_BSM","rel_int_B_BSM","lcl.rel_int_B_BSM","ucl.rel_int_B_BSM","int.yr","rel_F_BSM","r_CMSY","lcl.r_CMSY","ucl.r_CMSY","k_CMSY","lcl.k_CMSY","ucl.k_CMSY","MSY_CMSY","lcl.MSY_CMSY","ucl.MSY_CMSY","rel_B_CMSY","2.5th.rel_B_CMSY","97.5th.rel_B_CMSY","rel_start_B_CMSY","2.5th.rel_start_B_CMSY","97.5th.rel_start_B_CMSY","rel_int_B_CMSY","2.5th.rel_int_B_CMSY","97.5th.rel_int_B_CMSY","rel_F_CMSY","2.5th.rel_F_CMSY","97.5th.rel_F_CMSY","F_msy","lcl.F_msy","ucl.F_msy","curF_msy","lcl.curF_msy","ucl.curF_msy","MSY","lcl.MSY","ucl.MSY","Bmsy","lcl.Bmsy","ucl.Bmsy","last.B","lcl.last.B","ucl.last.B","last.B_Bmsy","lcl.last.B_Bmsy","ucl.last.B_Bmsy","last.F","lcl.last.F","ucl.last.F","last.F_Fmsy","lcl.last.F_Fmsy","ucl.last.F_Fmsy","sel_B","sel_B_Bmsy","sel_F","sel_F_Fmsy","c50","c51","c52","c53","c54","c55","c56","c57","c58","c59","c60","c61","c62","c63","c64","c65","c66","c67","c68","c69","c70","c71","c72","c73","c74","c75","c76","c77","c78","c79","c80","c81","c82","c83","c84","c85","c86","c87","c88","c89","c90","c91","c92","c93","c94","c95","c96","c97","c98","c99","c00","c01","c02","c03","c04","c05","c06","c07","c08","c09","c10","c11","c12","c13","c14","c15","c16","c17","c18","c19","c20","c21","c22","c23","c24","c25","c26","c27","c28","c29","c30","F.Fmsy50","F.Fmsy51","F.Fmsy52","F.Fmsy53","F.Fmsy54","F.Fmsy55","F.Fmsy56","F.Fmsy57","F.Fmsy58","F.Fmsy59","F.Fmsy60","F.Fmsy61","F.Fmsy62","F.Fmsy63","F.Fmsy64","F.Fmsy65","F.Fmsy66","F.Fmsy67","F.Fmsy68","F.Fmsy69","F.Fmsy70","F.Fmsy71","F.Fmsy72","F.Fmsy73","F.Fmsy74","F.Fmsy75","F.Fmsy76","F.Fmsy77","F.Fmsy78","F.Fmsy79","F.Fmsy80","F.Fmsy81","F.Fmsy82","F.Fmsy83","F.Fmsy84","F.Fmsy85","F.Fmsy86","F.Fmsy87","F.Fmsy88","F.Fmsy89","F.Fmsy90","F.Fmsy91","F.Fmsy92","F.Fmsy93","F.Fmsy94","F.Fmsy95","F.Fmsy96","F.Fmsy97","F.Fmsy98","F.Fmsy99","F.Fmsy00","F.Fmsy01","F.Fmsy02","F.Fmsy03","F.Fmsy04","F.Fmsy05","F.Fmsy06","F.Fmsy07","F.Fmsy08","F.Fmsy09","F.Fmsy10","F.Fmsy11","F.Fmsy12","F.Fmsy13","F.Fmsy14","F.Fmsy15","F.Fmsy16","F.Fmsy17","F.Fmsy18","F.Fmsy19","F.Fmsy20","F.Fmsy21","F.Fmsy22","F.Fmsy23","F.Fmsy24","F.Fmsy25","F.Fmsy26","F.Fmsy27","F.Fmsy28","F.Fmsy29","F.Fmsy30","B50","B51","B52","B53","B54","B55","B56","B57","B58","B59","B60","B61","B62","B63","B64","B65","B66","B67","B68","B69","B70","B71","B72","B73","B74","B75","B76","B77","B78","B79","B80","B81","B82","B83","B84","B85","B86","B87","B88","B89","B90","B91","B92","B93","B94","B95","B96","B97","B98","B99","B00","B01","B02","B03","B04","B05","B06","B07","B08","B09","B10","B11","B12","B13","B14","B15","B16","B17","B18","B19","B20","B21","B22","B23","B24","B25","B26","B27","B28","B29","B30"
NA,"Northeast Shelf","Gulf of Maine / Georges Bank","Acadian redfish","Sebastes fasciatus","Acadian redfish - Gulf of Maine / Georges Bank",1950,1995,NA,"CPUE",46,1950,1995,1.6322,22.2965,1992,1950,0.0169099481501899,0.21467087513661,0.011765369445433,0.624098643429496,34.307,18.7323,1.0146,0.594140808226467,0.643,0.637631634156664,31.2011248518828,10.7818334875682,0.158113883008419,15.8649964007011,11.4910868475737,21.4837643008768,0.0749686130831134,0.0467896879530013,0.117923672209339,0.0545687551542684,848.976605024354,582.195069169791,1205.24791278871,0.0338249722780493,-0.748340882980198,-0.0321506842289068,0.0685721371812653,0.0523245684841574,0.0899715441704354,0.033261968080499,0.0246462284617518,0.046191468689376,0.350659872940209,0.31627690640982,0.388015379607448,0.0327964129096863,0.0253452649735837,0.0424494273228944,1989,4.57124495789975,0.0789582966129113,0.0453117795741092,0.109212730434293,869.031792912111,654.032156997995,1393.82569887775,17.1543175177012,12.2705801833575,22.8646301580097,0.103015720543111,0.0500030302784579,0.195366370767006,0.346316607927008,0.312922566679312,0.381078288954641,0.0958191217785398,0.0529972283538311,0.164765050014151,0.460415665281842,0.11274248345918,2.0606238403376,0.0374843065415567,0.0233948439765006,0.0589618361046693,0.00498720723081959,0.00311263421437847,0.00784474684192449,15.8649964007011,11.4910868475737,21.4837643008768,424.488302512177,291.097534584895,602.623956394356,28.1718955689826,19.566060149235,41.1542603695522,0.066523936160998,0.0492924569235036,0.0923829373787519,0.0226658573821775,0.0139806268361287,0.0357820989153542,4.57124495789975,2.08266922991699,9.16135945232656,NA,NA,NA,NA,34.307,30.077,21.377,16.791,12.988,13.914,14.388,18.49,16.047,15.521,11.375,14.101,14.134,10.046,8.352,8.056,8.566,10.775,6.775,12.412,16.743,20.011,19.11,17.364,10.485,10.571,10.693,13.216,14.076,14.748,9.897,7.92,6.907,5.33,4.793,4.282,3.053,1.895,1.157,0.672,0.64,2.029,0.967,0.898,0.536,0.643,NA,NA,NA,NA,NA,NA,NA,NA,NA,NA,NA,NA,NA,NA,NA,NA,NA,NA,NA,NA,NA,NA,NA,NA,NA,NA,NA,NA,NA,NA,NA,NA,NA,NA,NA,2.81658760752505,2.66356690600792,2.31896285161472,1.91483650029582,1.64953482520235,1.63178144237338,1.76547954908275,1.9179410489351,1.96979753555054,1.88735675978277,1.80633831135379,1.79953710877773,1.76683015187413,1.5766321632853,1.35739358472323,1.27509102550511,1.31355175701504,1.37451352973563,1.52367027491428,1.96613471864666,2.67794023496111,3.45750359105902,4.08077877917959,4.35802870735343,4.32404014430976,4.50683122833844,5.3994408647055,7.11660116659152,9.48743307498144,12.0386911188505,13.9853432524049,15.2639662425729,16.4915012255706,17.9028084007237,19.3169634595793,19.8446974326628,18.0388073892136,14.2301806754564,9.82110212512906,7.20260008543013,7.59242758441472,8.95330945151528,8.44164306955525,6.51261156317024,5.1028915325055,4.57124495789975,NA,NA,NA,NA,NA,NA,NA,NA,NA,NA,NA,NA,NA,NA,NA,NA,NA,NA,NA,NA,NA,NA,NA,NA,NA,NA,NA,NA,NA,NA,NA,NA,NA,NA,NA,296.960387277994,279.878977004166,263.113120781692,251.855627209871,244.991221295141,240.242623802222,235.74660566773,230.218595150994,223.782766722275,216.77802367102,211.108649439904,207.102396082339,202.541928453352,199.524281591886,197.491754633969,197.523648126949,197.386008328347,196.648042931886,195.481548887939,191.790039404121,185.259167245466,173.663960088184,159.117080032492,143.924730524777,130.727652685974,120.405142098156,111.064893347013,100.864217757759,89.5900877160763,77.3309010229495,65.6393390523046,55.9369177759862,48.2550450913343,42.1537387732505,37.2919952283013,33.4190537424641,30.4653937436316,28.5912255841304,27.7266029085397,27.7937402951677,27.9063303760827,27.7820332255953,27.5312141922436,27.6491435211022,27.9894896770689,28.1718955689826,NA,NA,NA,NA,NA,NA,NA,NA,NA,NA,NA,NA,NA,NA,NA,NA,NA,NA,NA,NA,NA,NA,NA,NA,NA,NA,NA,NA,NA,NA,NA,NA,NA,NA,NA
"Group","Region","Subregion","Name","SciName","Stock","start.yr","end.yr","start.yr.new","btype","N bt","start.yr.cpue","end.yr.cpue","min.cpue","max.cpue","min.yr.cpue","max.yr.cpue","endbio.low","endbio.hi","q.prior.low","q.prior.hi","MaxCatch","MSY_prior","MeanLast5RawCatch","SDLast5RawCatch","LastCatch","MinSmoothCatch","MaxSmoothCatch","MeanSmoothCatch","gMeanPrior_r","MSY_BSM","lcl.MSY_BSM","ucl.MSY_BSM","r_BSM","lcl.r_BSM","ucl.r_BSM","log.r_var","k_BSM","lcl.k_BSM","ucl.k_BSM","log.k_var","log.kr_cor","log.kr_cov","q_BSM","lcl.q_BSM","ucl.q_BSM","rel_B_BSM","lcl.rel_B_BSM","ucl.rel_B_BSM","rel_start_B_BSM","lcl.rel_start_B_BSM","ucl.rel_start_B_BSM","rel_int_B_BSM","lcl.rel_int_B_BSM","ucl.rel_int_B_BSM","int.yr","rel_F_BSM","r_CMSY","lcl.r_CMSY","ucl.r_CMSY","k_CMSY","lcl.k_CMSY","ucl.k_CMSY","MSY_CMSY","lcl.MSY_CMSY","ucl.MSY_CMSY","rel_B_CMSY","2.5th.rel_B_CMSY","97.5th.rel_B_CMSY","rel_start_B_CMSY","2.5th.rel_start_B_CMSY","97.5th.rel_start_B_CMSY","rel_int_B_CMSY","2.5th.rel_int_B_CMSY","97.5th.rel_int_B_CMSY","rel_F_CMSY","2.5th.rel_F_CMSY","97.5th.rel_F_CMSY","F_msy","lcl.F_msy","ucl.F_msy","curF_msy","lcl.curF_msy","ucl.curF_msy","MSY","lcl.MSY","ucl.MSY","Bmsy","lcl.Bmsy","ucl.Bmsy","last.B","lcl.last.B","ucl.last.B","last.B_Bmsy","lcl.last.B_Bmsy","ucl.last.B_Bmsy","last.F","lcl.last.F","ucl.last.F","last.F_Fmsy","lcl.last.F_Fmsy","ucl.last.F_Fmsy","sel_B","sel_B_Bmsy","sel_F","sel_F_Fmsy","c50","c51","c52","c53","c54","c55","c56","c57","c58","c59","c60","c61","c62","c63","c64","c65","c66","c67","c68","c69","c70","c71","c72","c73","c74","c75","c76","c77","c78","c79","c80","c81","c82","c83","c84","c85","c86","c87","c88","c89","c90","c91","c92","c93","c94","c95","c96","c97","c98","c99","c00","c01","c02","c03","c04","c05","c06","c07","c08","c09","c10","c11","c12","c13","c14","c15","c16","c17","c18","c19","c20","c21","c22","c23","c24","c25","c26","c27","c28","c29","c30","F.Fmsy50","F.Fmsy51","F.Fmsy52","F.Fmsy53","F.Fmsy54","F.Fmsy55","F.Fmsy56","F.Fmsy57","F.Fmsy58","F.Fmsy59","F.Fmsy60","F.Fmsy61","F.Fmsy62","F.Fmsy63","F.Fmsy64","F.Fmsy65","F.Fmsy66","F.Fmsy67","F.Fmsy68","F.Fmsy69","F.Fmsy70","F.Fmsy71","F.Fmsy72","F.Fmsy73","F.Fmsy74","F.Fmsy75","F.Fmsy76","F.Fmsy77","F.Fmsy78","F.Fmsy79","F.Fmsy80","F.Fmsy81","F.Fmsy82","F.Fmsy83","F.Fmsy84","F.Fmsy85","F.Fmsy86","F.Fmsy87","F.Fmsy88","F.Fmsy89","F.Fmsy90","F.Fmsy91","F.Fmsy92","F.Fmsy93","F.Fmsy94","F.Fmsy95","F.Fmsy96","F.Fmsy97","F.Fmsy98","F.Fmsy99","F.Fmsy00","F.Fmsy01","F.Fmsy02","F.Fmsy03","F.Fmsy04","F.Fmsy05","F.Fmsy06","F.Fmsy07","F.Fmsy08","F.Fmsy09","F.Fmsy10","F.Fmsy11","F.Fmsy12","F.Fmsy13","F.Fmsy14","F.Fmsy15","F.Fmsy16","F.Fmsy17","F.Fmsy18","F.Fmsy19","F.Fmsy20","F.Fmsy21","F.Fmsy22","F.Fmsy23","F.Fmsy24","F.Fmsy25","F.Fmsy26","F.Fmsy27","F.Fmsy28","F.Fmsy29","F.Fmsy30","B50","B51","B52","B53","B54","B55","B56","B57","B58","B59","B60","B61","B62","B63","B64","B65","B66","B67","B68","B69","B70","B71","B72","B73","B74","B75","B76","B77","B78","B79","B80","B81","B82","B83","B84","B85","B86","B87","B88","B89","B90","B91","B92","B93","B94","B95","B96","B97","B98","B99","B00","B01","B02","B03","B04","B05","B06","B07","B08","B09","B10","B11","B12","B13","B14","B15","B16","B17","B18","B19","B20","B21","B22","B23","B24","B25","B26","B27","B28","B29","B30"
NA,"Northeast Shelf","Gulf of Maine / Georges Bank","Acadian redfish","Sebastes fasciatus","Acadian redfish - Gulf of Maine / Georges Bank",1950,1995,NA,"CPUE",46,1950,1995,1.6322,22.2965,1992,1950,0.0169099481501899,0.21467087513661,0.0113579043108948,0.6319095046351,34.307,18.7323,1.0146,0.594140808226467,0.643,0.637631634156664,31.2011248518828,10.7818334875682,0.158113883008419,17.110924920403,13.0234103368869,22.3130347790157,0.076728109287263,0.0487371030643464,0.108818841342027,0.0415591141561049,880.835416428787,665.406924298721,1331.32960433735,0.0322697670538512,-0.742856225844956,-0.0272041915184584,0.0676569774868138,0.0478609799405828,0.0856845432121292,0.0325212649039912,0.0240588326600504,0.0449013873528292,0.34637751293596,0.312661908874818,0.383617490369538,0.031749468056436,0.024692783842806,0.040494168413947,1989,4.41526752602963,0.080672040165663,0.0486677885362621,0.109631079307818,889.949239172976,652.738051702146,1442.15996761994,17.9485051919909,13.3819595902464,23.650577780414,0.111106780333252,0.0545071843295601,0.204704068376693,0.344659859456267,0.311986115076284,0.380901198374995,0.102349614512247,0.0560873257132486,0.171731709848301,0.369186567492877,0.0962930946189267,1.64988669375978,0.0383640546436315,0.0243685515321732,0.0544094206710133,0.00499059033542694,0.00316998447881746,0.00707785273165887,17.110924920403,13.0234103368869,22.3130347790157,440.417708214393,332.703462149361,665.664802168673,28.8263166032566,20.5546404922224,45.6868528972849,0.0650425298079824,0.0481176653201008,0.0898027747056584,0.0218784715381739,0.0126881067720875,0.034355470652427,4.41526752602963,2.05386039197108,8.80447153671404,NA,NA,NA,NA,34.307,30.077,21.377,16.791,12.988,13.914,14.388,18.49,16.047,15.521,11.375,14.101,14.134,10.046,8.352,8.056,8.566,10.775,6.775,12.412,16.743,20.011,19.11,17.364,10.485,10.571,10.693,13.216,14.076,14.748,9.897,7.92,6.907,5.33,4.793,4.282,3.053,1.895,1.157,0.672,0.64,2.029,0.967,0.898,0.536,0.643,NA,NA,NA,NA,NA,NA,NA,NA,NA,NA,NA,NA,NA,NA,NA,NA,NA,NA,NA,NA,NA,NA,NA,NA,NA,NA,NA,NA,NA,NA,NA,NA,NA,NA,NA,2.65897763840045,2.53529300439478,2.19600663541635,1.81953495926719,1.58349058255956,1.55049456288998,1.68641926934915,1.84927384383621,1.89719886921186,1.83941649824432,1.75853765805292,1.77471085550982,1.73105182954305,1.53075695151909,1.32373775213228,1.24952161700107,1.28556719745346,1.35361523741201,1.50863730961029,1.94322490845809,2.64392258300607,3.43931055070542,4.05865464948667,4.33178875429127,4.28693467633049,4.44222221245753,5.39398822994619,7.08727886695211,9.52741713773532,12.0902525842055,13.9296574704674,15.2786348777402,16.6381902920363,17.9209925957868,19.1149911030454,19.742405053644,18.1058138024669,14.0815114434262,9.6873760021051,7.1475698474103,7.50129524363863,8.88040180160263,8.32905113148328,6.39549301885742,4.97361429130172,4.41526752602963,NA,NA,NA,NA,NA,NA,NA,NA,NA,NA,NA,NA,NA,NA,NA,NA,NA,NA,NA,NA,NA,NA,NA,NA,NA,NA,NA,NA,NA,NA,NA,NA,NA,NA,NA,306.66633391471,286.933624260979,268.912483800884,257.200212614658,249.502872884314,244.640860574976,239.682168585275,233.868034406867,226.986160700212,219.541021531659,214.556654500677,210.114804007633,205.817724800199,202.848292758033,201.256519428711,200.816136029696,200.688643426057,199.878027572465,198.10015268882,194.707279052828,187.819788788714,175.644027265333,161.236959294252,145.943536154384,132.617304174919,121.762035891166,112.208950656198,102.207200583025,90.6994207450262,78.4769991014044,66.5999656335795,56.7349969879396,48.9197760092386,42.7764552435866,37.89426733667,33.9178722304018,30.9457163929173,29.0066860714314,28.2025465196276,28.1680489866708,28.3411929031876,28.3047285847867,27.976068300704,28.1276619747041,28.5545778839802,28.8263166032566,NA,NA,NA,NA,NA,NA,NA,NA,NA,NA,NA,NA,NA,NA,NA,NA,NA,NA,NA,NA,NA,NA,NA,NA,NA,NA,NA,NA,NA,NA,NA,NA,NA,NA,NA
"Group","Region","Subregion","Name","SciName","Stock","start.yr","end.yr","start.yr.new","btype","N bt","start.yr.cpue","end.yr.cpue","min.cpue","max.cpue","min.yr.cpue","max.yr.cpue","endbio.low","endbio.hi","q.prior.low","q.prior.hi","MaxCatch","MSY_prior","MeanLast5RawCatch","SDLast5RawCatch","LastCatch","MinSmoothCatch","MaxSmoothCatch","MeanSmoothCatch","gMeanPrior_r","MSY_BSM","lcl.MSY_BSM","ucl.MSY_BSM","r_BSM","lcl.r_BSM","ucl.r_BSM","log.r_var","k_BSM","lcl.k_BSM","ucl.k_BSM","log.k_var","log.kr_cor","log.kr_cov","q_BSM","lcl.q_BSM","ucl.q_BSM","rel_B_BSM","lcl.rel_B_BSM","ucl.rel_B_BSM","rel_start_B_BSM","lcl.rel_start_B_BSM","ucl.rel_start_B_BSM","rel_int_B_BSM","lcl.rel_int_B_BSM","ucl.rel_int_B_BSM","int.yr","rel_F_BSM","r_CMSY","lcl.r_CMSY","ucl.r_CMSY","k_CMSY","lcl.k_CMSY","ucl.k_CMSY","MSY_CMSY","lcl.MSY_CMSY","ucl.MSY_CMSY","rel_B_CMSY","2.5th.rel_B_CMSY","97.5th.rel_B_CMSY","rel_start_B_CMSY","2.5th.rel_start_B_CMSY","97.5th.rel_start_B_CMSY","rel_int_B_CMSY","2.5th.rel_int_B_CMSY","97.5th.rel_int_B_CMSY","rel_F_CMSY","2.5th.rel_F_CMSY","97.5th.rel_F_CMSY","F_msy","lcl.F_msy","ucl.F_msy","curF_msy","lcl.curF_msy","ucl.curF_msy","MSY","lcl.MSY","ucl.MSY","Bmsy","lcl.Bmsy","ucl.Bmsy","last.B","lcl.last.B","ucl.last.B","last.B_Bmsy","lcl.last.B_Bmsy","ucl.last.B_Bmsy","last.F","lcl.last.F","ucl.last.F","last.F_Fmsy","lcl.last.F_Fmsy","ucl.last.F_Fmsy","sel_B","sel_B_Bmsy","sel_F","sel_F_Fmsy","c50","c51","c52","c53","c54","c55","c56","c57","c58","c59","c60","c61","c62","c63","c64","c65","c66","c67","c68","c69","c70","c71","c72","c73","c74","c75","c76","c77","c78","c79","c80","c81","c82","c83","c84","c85","c86","c87","c88","c89","c90","c91","c92","c93","c94","c95","c96","c97","c98","c99","c00","c01","c02","c03","c04","c05","c06","c07","c08","c09","c10","c11","c12","c13","c14","c15","c16","c17","c18","c19","c20","c21","c22","c23","c24","c25","c26","c27","c28","c29","c30","F.Fmsy50","F.Fmsy51","F.Fmsy52","F.Fmsy53","F.Fmsy54","F.Fmsy55","F.Fmsy56","F.Fmsy57","F.Fmsy58","F.Fmsy59","F.Fmsy60","F.Fmsy61","F.Fmsy62","F.Fmsy63","F.Fmsy64","F.Fmsy65","F.Fmsy66","F.Fmsy67","F.Fmsy68","F.Fmsy69","F.Fmsy70","F.Fmsy71","F.Fmsy72","F.Fmsy73","F.Fmsy74","F.Fmsy75","F.Fmsy76","F.Fmsy77","F.Fmsy78","F.Fmsy79","F.Fmsy80","F.Fmsy81","F.Fmsy82","F.Fmsy83","F.Fmsy84","F.Fmsy85","F.Fmsy86","F.Fmsy87","F.Fmsy88","F.Fmsy89","F.Fmsy90","F.Fmsy91","F.Fmsy92","F.Fmsy93","F.Fmsy94","F.Fmsy95","F.Fmsy96","F.Fmsy97","F.Fmsy98","F.Fmsy99","F.Fmsy00","F.Fmsy01","F.Fmsy02","F.Fmsy03","F.Fmsy04","F.Fmsy05","F.Fmsy06","F.Fmsy07","F.Fmsy08","F.Fmsy09","F.Fmsy10","F.Fmsy11","F.Fmsy12","F.Fmsy13","F.Fmsy14","F.Fmsy15","F.Fmsy16","F.Fmsy17","F.Fmsy18","F.Fmsy19","F.Fmsy20","F.Fmsy21","F.Fmsy22","F.Fmsy23","F.Fmsy24","F.Fmsy25","F.Fmsy26","F.Fmsy27","F.Fmsy28","F.Fmsy29","F.Fmsy30","B50","B51","B52","B53","B54","B55","B56","B57","B58","B59","B60","B61","B62","B63","B64","B65","B66","B67","B68","B69","B70","B71","B72","B73","B74","B75","B76","B77","B78","B79","B80","B81","B82","B83","B84","B85","B86","B87","B88","B89","B90","B91","B92","B93","B94","B95","B96","B97","B98","B99","B00","B01","B02","B03","B04","B05","B06","B07","B08","B09","B10","B11","B12","B13","B14","B15","B16","B17","B18","B19","B20","B21","B22","B23","B24","B25","B26","B27","B28","B29","B30"
NA,"Northeast Shelf","Gulf of Maine / Georges Bank","Acadian redfish","Sebastes fasciatus","Acadian redfish - Gulf of Maine / Georges Bank",1950,1995,NA,"CPUE",46,1950,1995,1.6322,22.2965,1992,1950,0.0169099481501899,0.21467087513661,0.0116906614797739,0.617929243170063,34.307,18.7323,1.0146,0.594140808226467,0.643,0.637631634156664,31.2011248518828,10.7818334875682,0.158113883008419,15.7551715098543,11.433587535541,21.5164890062666,0.0723010523795965,0.0443685424280212,0.114000108601468,0.0588019065914692,880.008671530209,595.543706013242,1271.39179460568,0.0357818305476374,-0.753578103416764,-0.034566487611845,0.0675394353392224,0.0501423667600797,0.0885188058553987,0.032771959119811,0.0242748957897715,0.0459806652417726,0.349224643389878,0.31478823286601,0.386629923883838,0.0323525589228782,0.0248091693156368,0.0420458788934887,1989,4.73177489330046,0.0772297373597066,0.0435771279057454,0.108682943652532,886.292252589029,659.891772069596,1417.16713085413,17.1120294728484,11.8909452609709,22.946016713993,0.108755203422264,0.0409678526354238,0.203527905457039,0.346544859024413,0.313141264150105,0.383229461232225,0.0999505357700803,0.0432816333041027,0.169539878803182,0.419502171260783,0.106924553283012,3.05376317160152,0.0361505261897982,0.0221842712140106,0.0570000543007338,0.0047388942658069,0.00290808811731342,0.00747201379748262,15.7551715098543,11.433587535541,21.5164890062666,440.004335765104,297.771853006621,635.69589730284,28.719871339906,19.8494916953368,43.0972876175577,0.065543918239622,0.048549791579543,0.0919613304835452,0.0222079893921715,0.0135389125319871,0.0358165222175617,4.73177489330046,2.16011185611806,9.67113798014936,NA,NA,NA,NA,34.307,30.077,21.377,16.791,12.988,13.914,14.388,18.49,16.047,15.521,11.375,14.101,14.134,10.046,8.352,8.056,8.566,10.775,6.775,12.412,16.743,20.011,19.11,17.364,10.485,10.571,10.693,13.216,14.076,14.748,9.897,7.92,6.907,5.33,4.793,4.282,3.053,1.895,1.157,0.672,0.64,2.029,0.967,0.898,0.536,0.643,NA,NA,NA,NA,NA,NA,NA,NA,NA,NA,NA,NA,NA,NA,NA,NA,NA,NA,NA,NA,NA,NA,NA,NA,NA,NA,NA,NA,NA,NA,NA,NA,NA,NA,NA,2.84138061421236,2.70446296011614,2.3479188387322,1.92989336210102,1.68342941825604,1.65361093797357,1.80050370334698,1.96209747333363,2.02681362064165,1.94047012281629,1.86095983755578,1.86878457201164,1.83012804147622,1.62129913867089,1.40248609046622,1.32189486934597,1.36764965603947,1.43218323270743,1.58267591300105,2.03876454177713,2.80153095067404,3.58405603698351,4.25954385291895,4.57456398635474,4.50368092102071,4.69543446539587,5.62479854360781,7.42781917873406,9.97956560937195,12.6481051271375,14.6686116353064,15.9116430106603,17.4258141891763,18.5875106481381,19.9358647297273,20.4700055999226,18.7033953158622,14.7402908745432,10.1242470444918,7.47379058421562,7.92705229853168,9.31032405816677,8.73271577666969,6.76274726305499,5.2628021183658,4.73177489330046,NA,NA,NA,NA,NA,NA,NA,NA,NA,NA,NA,NA,NA,NA,NA,NA,NA,NA,NA,NA,NA,NA,NA,NA,NA,NA,NA,NA,NA,NA,NA,NA,NA,NA,NA,306.244285392229,286.611122449809,268.512170862852,257.644216373701,250.228255336933,244.885281860528,240.127588798219,233.888183259781,226.625992439098,219.932661680607,214.599740070937,209.769672614769,205.807810089578,202.59757952409,200.910788629093,200.411945686757,200.663417556763,200.050966426962,198.708807432799,194.409864368202,187.42652114736,175.855532474018,161.187261072858,146.196763415355,132.570435765328,121.734143546515,112.224269773443,101.920153662618,90.6393099052498,78.2238953375213,66.3053720166949,56.7043509239673,48.9431553187632,42.7591924670174,37.9152926706307,34.0246094613355,30.9488616525756,29.0775403243988,28.2279249319586,28.240066029055,28.3269742885446,28.3223261507445,28.0783217864213,28.1669743337545,28.4280856527983,28.719871339906,NA,NA,NA,NA,NA,NA,NA,NA,NA,NA,NA,NA,NA,NA,NA,NA,NA,NA,NA,NA,NA,NA,NA,NA,NA,NA,NA,NA,NA,NA,NA,NA,NA,NA,NA
"Group","Region","Subregion","Name","SciName","Stock","start.yr","end.yr","start.yr.new","btype","N bt","start.yr.cpue","end.yr.cpue","min.cpue","max.cpue","min.yr.cpue","max.yr.cpue","endbio.low","endbio.hi","q.prior.low","q.prior.hi","MaxCatch","MSY_prior","MeanLast5RawCatch","SDLast5RawCatch","LastCatch","MinSmoothCatch","MaxSmoothCatch","MeanSmoothCatch","gMeanPrior_r","MSY_BSM","lcl.MSY_BSM","ucl.MSY_BSM","r_BSM","lcl.r_BSM","ucl.r_BSM","log.r_var","k_BSM","lcl.k_BSM","ucl.k_BSM","log.k_var","log.kr_cor","log.kr_cov","q_BSM","lcl.q_BSM","ucl.q_BSM","rel_B_BSM","lcl.rel_B_BSM","ucl.rel_B_BSM","rel_start_B_BSM","lcl.rel_start_B_BSM","ucl.rel_start_B_BSM","rel_int_B_BSM","lcl.rel_int_B_BSM","ucl.rel_int_B_BSM","int.yr","rel_F_BSM","r_CMSY","lcl.r_CMSY","ucl.r_CMSY","k_CMSY","lcl.k_CMSY","ucl.k_CMSY","MSY_CMSY","lcl.MSY_CMSY","ucl.MSY_CMSY","rel_B_CMSY","2.5th.rel_B_CMSY","97.5th.rel_B_CMSY","rel_start_B_CMSY","2.5th.rel_start_B_CMSY","97.5th.rel_start_B_CMSY","rel_int_B_CMSY","2.5th.rel_int_B_CMSY","97.5th.rel_int_B_CMSY","rel_F_CMSY","2.5th.rel_F_CMSY","97.5th.rel_F_CMSY","F_msy","lcl.F_msy","ucl.F_msy","curF_msy","lcl.curF_msy","ucl.curF_msy","MSY","lcl.MSY","ucl.MSY","Bmsy","lcl.Bmsy","ucl.Bmsy","last.B","lcl.last.B","ucl.last.B","last.B_Bmsy","lcl.last.B_Bmsy","ucl.last.B_Bmsy","last.F","lcl.last.F","ucl.last.F","last.F_Fmsy","lcl.last.F_Fmsy","ucl.last.F_Fmsy","sel_B","sel_B_Bmsy","sel_F","sel_F_Fmsy","c50","c51","c52","c53","c54","c55","c56","c57","c58","c59","c60","c61","c62","c63","c64","c65","c66","c67","c68","c69","c70","c71","c72","c73","c74","c75","c76","c77","c78","c79","c80","c81","c82","c83","c84","c85","c86","c87","c88","c89","c90","c91","c92","c93","c94","c95","c96","c97","c98","c99","c00","c01","c02","c03","c04","c05","c06","c07","c08","c09","c10","c11","c12","c13","c14","c15","c16","c17","c18","c19","c20","c21","c22","c23","c24","c25","c26","c27","c28","c29","c30","F.Fmsy50","F.Fmsy51","F.Fmsy52","F.Fmsy53","F.Fmsy54","F.Fmsy55","F.Fmsy56","F.Fmsy57","F.Fmsy58","F.Fmsy59","F.Fmsy60","F.Fmsy61","F.Fmsy62","F.Fmsy63","F.Fmsy64","F.Fmsy65","F.Fmsy66","F.Fmsy67","F.Fmsy68","F.Fmsy69","F.Fmsy70","F.Fmsy71","F.Fmsy72","F.Fmsy73","F.Fmsy74","F.Fmsy75","F.Fmsy76","F.Fmsy77","F.Fmsy78","F.Fmsy79","F.Fmsy80","F.Fmsy81","F.Fmsy82","F.Fmsy83","F.Fmsy84","F.Fmsy85","F.Fmsy86","F.Fmsy87","F.Fmsy88","F.Fmsy89","F.Fmsy90","F.Fmsy91","F.Fmsy92","F.Fmsy93","F.Fmsy94","F.Fmsy95","F.Fmsy96","F.Fmsy97","F.Fmsy98","F.Fmsy99","F.Fmsy00","F.Fmsy01","F.Fmsy02","F.Fmsy03","F.Fmsy04","F.Fmsy05","F.Fmsy06","F.Fmsy07","F.Fmsy08","F.Fmsy09","F.Fmsy10","F.Fmsy11","F.Fmsy12","F.Fmsy13","F.Fmsy14","F.Fmsy15","F.Fmsy16","F.Fmsy17","F.Fmsy18","F.Fmsy19","F.Fmsy20","F.Fmsy21","F.Fmsy22","F.Fmsy23","F.Fmsy24","F.Fmsy25","F.Fmsy26","F.Fmsy27","F.Fmsy28","F.Fmsy29","F.Fmsy30","B50","B51","B52","B53","B54","B55","B56","B57","B58","B59","B60","B61","B62","B63","B64","B65","B66","B67","B68","B69","B70","B71","B72","B73","B74","B75","B76","B77","B78","B79","B80","B81","B82","B83","B84","B85","B86","B87","B88","B89","B90","B91","B92","B93","B94","B95","B96","B97","B98","B99","B00","B01","B02","B03","B04","B05","B06","B07","B08","B09","B10","B11","B12","B13","B14","B15","B16","B17","B18","B19","B20","B21","B22","B23","B24","B25","B26","B27","B28","B29","B30"
"Group","Region","Subregion","Name","SciName","Stock","start.yr","end.yr","start.yr.new","btype","N bt","start.yr.cpue","end.yr.cpue","min.cpue","max.cpue","min.yr.cpue","max.yr.cpue","endbio.low","endbio.hi","q.prior.low","q.prior.hi","MaxCatch","MSY_prior","MeanLast5RawCatch","SDLast5RawCatch","LastCatch","MinSmoothCatch","MaxSmoothCatch","MeanSmoothCatch","gMeanPrior_r","MSY_BSM","lcl.MSY_BSM","ucl.MSY_BSM","r_BSM","lcl.r_BSM","ucl.r_BSM","log.r_var","k_BSM","lcl.k_BSM","ucl.k_BSM","log.k_var","log.kr_cor","log.kr_cov","q_BSM","lcl.q_BSM","ucl.q_BSM","rel_B_BSM","lcl.rel_B_BSM","ucl.rel_B_BSM","rel_start_B_BSM","lcl.rel_start_B_BSM","ucl.rel_start_B_BSM","rel_int_B_BSM","lcl.rel_int_B_BSM","ucl.rel_int_B_BSM","int.yr","rel_F_BSM","r_CMSY","lcl.r_CMSY","ucl.r_CMSY","k_CMSY","lcl.k_CMSY","ucl.k_CMSY","MSY_CMSY","lcl.MSY_CMSY","ucl.MSY_CMSY","rel_B_CMSY","2.5th.rel_B_CMSY","97.5th.rel_B_CMSY","rel_start_B_CMSY","2.5th.rel_start_B_CMSY","97.5th.rel_start_B_CMSY","rel_int_B_CMSY","2.5th.rel_int_B_CMSY","97.5th.rel_int_B_CMSY","rel_F_CMSY","2.5th.rel_F_CMSY","97.5th.rel_F_CMSY","F_msy","lcl.F_msy","ucl.F_msy","curF_msy","lcl.curF_msy","ucl.curF_msy","MSY","lcl.MSY","ucl.MSY","Bmsy","lcl.Bmsy","ucl.Bmsy","last.B","lcl.last.B","ucl.last.B","last.B_Bmsy","lcl.last.B_Bmsy","ucl.last.B_Bmsy","last.F","lcl.last.F","ucl.last.F","last.F_Fmsy","lcl.last.F_Fmsy","ucl.last.F_Fmsy","sel_B","sel_B_Bmsy","sel_F","sel_F_Fmsy","c50","c51","c52","c53","c54","c55","c56","c57","c58","c59","c60","c61","c62","c63","c64","c65","c66","c67","c68","c69","c70","c71","c72","c73","c74","c75","c76","c77","c78","c79","c80","c81","c82","c83","c84","c85","c86","c87","c88","c89","c90","c91","c92","c93","c94","c95","c96","c97","c98","c99","c00","c01","c02","c03","c04","c05","c06","c07","c08","c09","c10","c11","c12","c13","c14","c15","c16","c17","c18","c19","c20","c21","c22","c23","c24","c25","c26","c27","c28","c29","c30","F.Fmsy50","F.Fmsy51","F.Fmsy52","F.Fmsy53","F.Fmsy54","F.Fmsy55","F.Fmsy56","F.Fmsy57","F.Fmsy58","F.Fmsy59","F.Fmsy60","F.Fmsy61","F.Fmsy62","F.Fmsy63","F.Fmsy64","F.Fmsy65","F.Fmsy66","F.Fmsy67","F.Fmsy68","F.Fmsy69","F.Fmsy70","F.Fmsy71","F.Fmsy72","F.Fmsy73","F.Fmsy74","F.Fmsy75","F.Fmsy76","F.Fmsy77","F.Fmsy78","F.Fmsy79","F.Fmsy80","F.Fmsy81","F.Fmsy82","F.Fmsy83","F.Fmsy84","F.Fmsy85","F.Fmsy86","F.Fmsy87","F.Fmsy88","F.Fmsy89","F.Fmsy90","F.Fmsy91","F.Fmsy92","F.Fmsy93","F.Fmsy94","F.Fmsy95","F.Fmsy96","F.Fmsy97","F.Fmsy98","F.Fmsy99","F.Fmsy00","F.Fmsy01","F.Fmsy02","F.Fmsy03","F.Fmsy04","F.Fmsy05","F.Fmsy06","F.Fmsy07","F.Fmsy08","F.Fmsy09","F.Fmsy10","F.Fmsy11","F.Fmsy12","F.Fmsy13","F.Fmsy14","F.Fmsy15","F.Fmsy16","F.Fmsy17","F.Fmsy18","F.Fmsy19","F.Fmsy20","F.Fmsy21","F.Fmsy22","F.Fmsy23","F.Fmsy24","F.Fmsy25","F.Fmsy26","F.Fmsy27","F.Fmsy28","F.Fmsy29","F.Fmsy30","B50","B51","B52","B53","B54","B55","B56","B57","B58","B59","B60","B61","B62","B63","B64","B65","B66","B67","B68","B69","B70","B71","B72","B73","B74","B75","B76","B77","B78","B79","B80","B81","B82","B83","B84","B85","B86","B87","B88","B89","B90","B91","B92","B93","B94","B95","B96","B97","B98","B99","B00","B01","B02","B03","B04","B05","B06","B07","B08","B09","B10","B11","B12","B13","B14","B15","B16","B17","B18","B19","B20","B21","B22","B23","B24","B25","B26","B27","B28","B29","B30"
NA,"Northeast Shelf","Gulf of Maine / Georges Bank","Acadian redfish","Sebastes fasciatus","Acadian redfish - Gulf of Maine / Georges Bank",1950,1995,NA,"CPUE",46,1950,1995,1.6322,22.2965,1992,1950,0.0169099481501899,0.21467087513661,0.011697501368158,0.613038574273196,34.307,18.7323,1.0146,0.594140808226467,0.643,0.637631634156664,31.2011248518828,10.7818334875682,0.158113883008419,15.8844593243911,11.3483251107881,22.1605565199527,0.0676371782154698,0.0425603889558539,0.106989482918519,0.0556136969226899,945.154136324054,652.528063627104,1314.00826582438,0.0310430628683987,-0.677533283193341,-0.0281516464390017,0.0647865153422711,0.0493077219598795,0.0864567704289372,0.0314976121084108,0.0230613000378037,0.0439006750314708,0.345865557598402,0.312272963918857,0.383954907063179,0.0309439544906976,0.0239291061491513,0.0404638198686483,1989,5.05782625005214,0.0772072002725082,0.0442215044511324,0.10751928611344,881.330578952226,660.270337522464,1376.40641011491,17.0112666288625,11.6953607141137,22.9810946447283,0.106450780821361,0.0441067849206927,0.199065685528991,0.347001747238208,0.313245871054082,0.382822462831649,0.099144120260142,0.0471329772641425,0.168146355738065,0.444534120594078,0.109207150385924,2.77299252362893,0.0338185891077349,0.0212801944779269,0.0534947414592596,0.00426081920707664,0.00268110124502915,0.00673982646529393,15.8844593243911,11.3483251107881,22.1605565199527,472.577068162027,326.264031813552,657.004132912189,29.8674931850425,20.4274497033776,42.9997147611997,0.0629952242168217,0.0461226000756075,0.0878013500629417,0.0214300852239142,0.0133014737544521,0.0341346123184961,5.05782625005214,2.33628257532509,10.6356425387482,NA,NA,NA,NA,34.307,30.077,21.377,16.791,12.988,13.914,14.388,18.49,16.047,15.521,11.375,14.101,14.134,10.046,8.352,8.056,8.566,10.775,6.775,12.412,16.743,20.011,19.11,17.364,10.485,10.571,10.693,13.216,14.076,14.748,9.897,7.92,6.907,5.33,4.793,4.282,3.053,1.895,1.157,0.672,0.64,2.029,0.967,0.898,0.536,0.643,NA,NA,NA,NA,NA,NA,NA,NA,NA,NA,NA,NA,NA,NA,NA,NA,NA,NA,NA,NA,NA,NA,NA,NA,NA,NA,NA,NA,NA,NA,NA,NA,NA,NA,NA,2.8570191520075,2.72696276278633,2.37130066786594,1.96906592763845,1.72869004461883,1.69725003630215,1.84936010068171,2.02667864964585,2.09646846968682,2.01848974331105,1.94222694123275,1.9611418557602,1.9112461655537,1.70144425360353,1.48385969306733,1.39568644900387,1.4332145666235,1.50778963812988,1.67271582277824,2.16718743575095,2.96614125009334,3.86985939124744,4.57932361204932,4.87123191889709,4.79788209889259,5.06958856351712,6.07850571704965,8.04320596753622,10.7198688906854,13.7651357926211,15.9408116299779,17.3187471015744,18.7307627966415,20.2623626067755,21.7488822460189,22.1846019184955,20.3085955166949,15.8012506358151,10.9277995389683,8.04144347909706,8.54351422219489,10.0422895323505,9.42001663763203,7.2544430279485,5.67339436975812,5.05782625005214,NA,NA,NA,NA,NA,NA,NA,NA,NA,NA,NA,NA,NA,NA,NA,NA,NA,NA,NA,NA,NA,NA,NA,NA,NA,NA,NA,NA,NA,NA,NA,NA,NA,NA,NA,326.899450371276,305.351620923547,285.573962237098,272.780120671242,263.197646919556,256.992276351455,251.288555688182,244.658982837006,237.221378945683,230.298389426328,224.16485242623,219.185550727011,215.112000838557,211.463415342093,209.34116176331,209.134749513076,208.947160352751,208.011121487788,206.256437959067,202.229926255686,194.923510549207,182.857198315909,167.681045703986,151.798556768873,137.903427815335,126.341972373788,116.225040495174,105.913248292714,93.8137806316155,81.0767804922905,68.5691242747328,58.4846614423009,50.513550019719,44.2417383985744,39.1430634142208,35.059428299058,32.0890956459884,30.1341220530537,29.3300609244376,29.2596992606073,29.4305381533665,29.3868513114477,29.1003278160587,29.1887945976022,29.6201314204501,29.8674931850425,NA,NA,NA,NA,NA,NA,NA,NA,NA,NA,NA,NA,NA,NA,NA,NA,NA,NA,NA,NA,NA,NA,NA,NA,NA,NA,NA,NA,NA,NA,NA,NA,NA,NA,NA
"Group","Region","Subregion","Name","SciName","Stock","start.yr","end.yr","start.yr.new","btype","N bt","start.yr.cpue","end.yr.cpue","min.cpue","max.cpue","min.yr.cpue","max.yr.cpue","endbio.low","endbio.hi","q.prior.low","q.prior.hi","MaxCatch","MSY_prior","MeanLast5RawCatch","SDLast5RawCatch","LastCatch","MinSmoothCatch","MaxSmoothCatch","MeanSmoothCatch","gMeanPrior_r","MSY_BSM","lcl.MSY_BSM","ucl.MSY_BSM","r_BSM","lcl.r_BSM","ucl.r_BSM","log.r_var","k_BSM","lcl.k_BSM","ucl.k_BSM","log.k_var","log.kr_cor","log.kr_cov","q_BSM","lcl.q_BSM","ucl.q_BSM","rel_B_BSM","lcl.rel_B_BSM","ucl.rel_B_BSM","rel_start_B_BSM","lcl.rel_start_B_BSM","ucl.rel_start_B_BSM","rel_int_B_BSM","lcl.rel_int_B_BSM","ucl.rel_int_B_BSM","int.yr","rel_F_BSM","r_CMSY","lcl.r_CMSY","ucl.r_CMSY","k_CMSY","lcl.k_CMSY","ucl.k_CMSY","MSY_CMSY","lcl.MSY_CMSY","ucl.MSY_CMSY","rel_B_CMSY","2.5th.rel_B_CMSY","97.5th.rel_B_CMSY","rel_start_B_CMSY","2.5th.rel_start_B_CMSY","97.5th.rel_start_B_CMSY","rel_int_B_CMSY","2.5th.rel_int_B_CMSY","97.5th.rel_int_B_CMSY","rel_F_CMSY","2.5th.rel_F_CMSY","97.5th.rel_F_CMSY","F_msy","lcl.F_msy","ucl.F_msy","curF_msy","lcl.curF_msy","ucl.curF_msy","MSY","lcl.MSY","ucl.MSY","Bmsy","lcl.Bmsy","ucl.Bmsy","last.B","lcl.last.B","ucl.last.B","last.B_Bmsy","lcl.last.B_Bmsy","ucl.last.B_Bmsy","last.F","lcl.last.F","ucl.last.F","last.F_Fmsy","lcl.last.F_Fmsy","ucl.last.F_Fmsy","sel_B","sel_B_Bmsy","sel_F","sel_F_Fmsy","c50","c51","c52","c53","c54","c55","c56","c57","c58","c59","c60","c61","c62","c63","c64","c65","c66","c67","c68","c69","c70","c71","c72","c73","c74","c75","c76","c77","c78","c79","c80","c81","c82","c83","c84","c85","c86","c87","c88","c89","c90","c91","c92","c93","c94","c95","c96","c97","c98","c99","c00","c01","c02","c03","c04","c05","c06","c07","c08","c09","c10","c11","c12","c13","c14","c15","c16","c17","c18","c19","c20","c21","c22","c23","c24","c25","c26","c27","c28","c29","c30","F.Fmsy50","F.Fmsy51","F.Fmsy52","F.Fmsy53","F.Fmsy54","F.Fmsy55","F.Fmsy56","F.Fmsy57","F.Fmsy58","F.Fmsy59","F.Fmsy60","F.Fmsy61","F.Fmsy62","F.Fmsy63","F.Fmsy64","F.Fmsy65","F.Fmsy66","F.Fmsy67","F.Fmsy68","F.Fmsy69","F.Fmsy70","F.Fmsy71","F.Fmsy72","F.Fmsy73","F.Fmsy74","F.Fmsy75","F.Fmsy76","F.Fmsy77","F.Fmsy78","F.Fmsy79","F.Fmsy80","F.Fmsy81","F.Fmsy82","F.Fmsy83","F.Fmsy84","F.Fmsy85","F.Fmsy86","F.Fmsy87","F.Fmsy88","F.Fmsy89","F.Fmsy90","F.Fmsy91","F.Fmsy92","F.Fmsy93","F.Fmsy94","F.Fmsy95","F.Fmsy96","F.Fmsy97","F.Fmsy98","F.Fmsy99","F.Fmsy00","F.Fmsy01","F.Fmsy02","F.Fmsy03","F.Fmsy04","F.Fmsy05","F.Fmsy06","F.Fmsy07","F.Fmsy08","F.Fmsy09","F.Fmsy10","F.Fmsy11","F.Fmsy12","F.Fmsy13","F.Fmsy14","F.Fmsy15","F.Fmsy16","F.Fmsy17","F.Fmsy18","F.Fmsy19","F.Fmsy20","F.Fmsy21","F.Fmsy22","F.Fmsy23","F.Fmsy24","F.Fmsy25","F.Fmsy26","F.Fmsy27","F.Fmsy28","F.Fmsy29","F.Fmsy30","B50","B51","B52","B53","B54","B55","B56","B57","B58","B59","B60","B61","B62","B63","B64","B65","B66","B67","B68","B69","B70","B71","B72","B73","B74","B75","B76","B77","B78","B79","B80","B81","B82","B83","B84","B85","B86","B87","B88","B89","B90","B91","B92","B93","B94","B95","B96","B97","B98","B99","B00","B01","B02","B03","B04","B05","B06","B07","B08","B09","B10","B11","B12","B13","B14","B15","B16","B17","B18","B19","B20","B21","B22","B23","B24","B25","B26","B27","B28","B29","B30"
NA,"Northeast Shelf","Gulf of Maine / Georges Bank","Acadian redfish","Sebastes fasciatus","Acadian redfish - Gulf of Maine / Georges Bank",1950,1995,NA,"CPUE",46,1950,1995,1.6322,22.2965,1992,1950,0.0169099481501899,0.21467087513661,0.0117613198616076,0.611313287457249,34.307,18.7323,1.0146,0.594140808226467,0.643,0.637631634156664,31.2011248518828,10.7818334875682,0.158113883008419,15.8255706389437,11.3428685123039,21.6283947909538,0.0711797886923691,0.0448488711972896,0.113359310773546,0.0557254605789457,890.178853642521,614.526713269302,1232.25409945649,0.0312680375888728,-0.727514544378858,-0.0303681842793188,0.0666637098062486,0.0503680733459474,0.0865638895063831,0.032689699490889,0.0244745256753198,0.0458279645798363,0.348698010483503,0.315135688577354,0.385322387079809,0.0320070049658105,0.0249860475360239,0.0418027471583249,1989,4.71586532926088,0.078098765215011,0.0445429746096809,0.107809776409956,878.573978294612,657.228238877255,1394.07185189938,17.1538857137123,12.1623273526952,22.8151374727713,0.101154705412142,0.0451466147065958,0.207934914751861,0.345445860774954,0.311194395296908,0.381971054031487,0.0935948610422015,0.0479978849068881,0.173464060620006,0.474592173658949,0.105409513999005,2.50483415802958,0.0355898943461845,0.0224244355986448,0.0566796553867728,0.00465369180435705,0.00293219224388997,0.00741136360736301,15.8255706389437,11.3428685123039,21.6283947909538,445.089426821261,307.263356634651,616.127049728247,28.8999524484601,20.4548552898921,43.0186540272518,0.0653793989817781,0.0489490513506395,0.0916559291596725,0.0218785633615913,0.0134462566287054,0.0349779127403686,4.71586532926088,2.1586467814159,9.65964597092498,NA,NA,NA,NA,34.307,30.077,21.377,16.791,12.988,13.914,14.388,18.49,16.047,15.521,11.375,14.101,14.134,10.046,8.352,8.056,8.566,10.775,6.775,12.412,16.743,20.011,19.11,17.364,10.485,10.571,10.693,13.216,14.076,14.748,9.897,7.92,6.907,5.33,4.793,4.282,3.053,1.895,1.157,0.672,0.64,2.029,0.967,0.898,0.536,0.643,NA,NA,NA,NA,NA,NA,NA,NA,NA,NA,NA,NA,NA,NA,NA,NA,NA,NA,NA,NA,NA,NA,NA,NA,NA,NA,NA,NA,NA,NA,NA,NA,NA,NA,NA,2.8458530031269,2.69008483840152,2.33085357244978,1.93197000504418,1.682928367082,1.643180215857,1.78961181062882,1.96369047253367,2.00969790595083,1.9219515339181,1.85311951724238,1.85935318687113,1.81462586201722,1.61512112185511,1.39657209993139,1.32142360461094,1.35818170456891,1.42809614628567,1.58340475169607,2.0433967471016,2.80320954888213,3.62505798462457,4.27112661026431,4.59965636235732,4.53943124731335,4.75765225802504,5.71222145934106,7.4892285063644,10.0642545238269,12.7437044094286,14.6613987700829,16.0296580191067,17.3922033071864,18.7799269647269,20.0906445780934,20.7302857593688,19.026292439778,14.7696251666789,10.1625836522503,7.54765706094199,7.93533897952286,9.42568054280551,8.84340741740822,6.82858299174322,5.32812327082776,4.71586532926088,NA,NA,NA,NA,NA,NA,NA,NA,NA,NA,NA,NA,NA,NA,NA,NA,NA,NA,NA,NA,NA,NA,NA,NA,NA,NA,NA,NA,NA,NA,NA,NA,NA,NA,NA,310.552049231287,291.258074012993,273.615120063126,261.740832259468,253.866861466895,249.093634212984,244.581594750631,238.457336763294,231.399688354879,224.356052327175,218.858590883539,213.750734961924,209.585597851049,205.976837519745,203.9126767973,203.455555864863,203.493906206576,202.553187901127,200.772898324337,196.806941671416,189.50819388181,177.630722253196,162.795341215144,147.57000377087,133.596636837706,122.872157982951,113.208915234907,103.115567876868,91.5858493336128,79.2376666933759,67.1530521492348,57.0798132295003,49.3219584031154,43.1596007190331,38.1762271894694,34.3685439833895,31.3044518615894,29.3423615791133,28.4754347278674,28.4287143305952,28.5718027348063,28.505508773628,28.2034694948172,28.3143048391341,28.694656051806,28.8999524484601,NA,NA,NA,NA,NA,NA,NA,NA,NA,NA,NA,NA,NA,NA,NA,NA,NA,NA,NA,NA,NA,NA,NA,NA,NA,NA,NA,NA,NA,NA,NA,NA,NA,NA,NA
"Medium benthopelagics (30 - 89 cm)","CCSBT; ICCAT","North Patagonian Gulfs","Argentine seabass in North Patagonian Gulfs","Acanthistius brasilianus","Acan_bra_NPatagonianGulfs",1950,2018,NA,"CPUE",15,1982,1996,0.337139162443263,0.862283927,1995,1982,0.01,0.2,0.00565858821307449,0.142696179409408,10.81567916,5.55681000345,0.61102021474,0.217781779192525,0.347307431,0.0485065252017795,7.53200205437024,2.10481025140422,0.4,3.71035685418314,2.99249681237093,4.47991208018467,0.263102798935126,0.151219106623076,0.408017693335188,0.0631329791149361,56.7407998176013,40.2780384125975,87.592770470853,0.0369952395807261,-0.924754195880368,-0.0446917513905177,0.0226231183808279,0.0137961806114969,0.0335604385963553,0.21063225835753,0.0252245914585508,0.615015630479032,0.906123233018711,0.828369123593761,0.968440116069756,0.156232093921955,0.0791179111832021,0.290022038390844,2013,0.331107902368272,0.237517138445464,0.15220222880453,0.315489804720069,63.6018381233778,49.716301464839,90.651767633925,3.77663164773407,2.97948729851348,4.46559677922535,0.0965471894243402,0.0302872197704293,0.201791143572937,0.911231118289646,0.841714766929612,0.971168153095486,0.113255656082613,0.0729854163243549,0.169263632973486,1.63484884820375,0.350477232348964,16.0188226063814,0.131551399467563,0.0756095533115381,0.204008846667594,0.110835873439786,0.0637032438696533,0.171883376394042,3.71035685418314,2.99249681237093,4.47991208018467,28.3703999088007,20.1390192062987,43.7963852354265,12.4698559500852,1.35160381607723,32.9276537411449,0.42126451671506,0.0504491829171015,1.23003126095806,0.0346531920199413,0.0120412216045351,0.33225045810066,0.331107902368272,0.080180369447863,22.9173672151589,NA,NA,NA,NA,0.04283100241,0.04283100241,0.08566200481,0.1284930072,0.04291023976,0.129158601,0.2153610046,0.1726393497,0.08878395658,0.08824514257,0.04460591914,0.04466930903,0.08941785541,0.0451764281,0.4001537797,0.1336434353,0.4885098546,0.8445806816,0.8472747517,1.113606063,1.109839076,2.442264018,0.799689508,1.598681727,0.7549251142,0.6284670079,0.7550518939,1.763289407,2.210556005,2.257386138,5.636358611,7.20556704,10.81567916,4.837319277,3.856175371,7.078982154,5.30146386,5.120691759,4.648552342,6.308813058,3.351612457,3.08867122,3.010949997,4.332754778,3.523950319,4.855436834,4.771136641,4.049383881,2.316711231,2.824836914,1.836150254,2.167934318,1.605621249,1.789516886,2.235890414,2.65694538,1.928880916,1.974509211,2.010915563,2.062741076,1.845587894,1.636169287,0.9527927659,1.099490017,0.8278425134,0.8461369607,0.5259852178,0.5078289508,0.347307431,NA,NA,NA,NA,NA,NA,NA,NA,NA,NA,NA,NA,0.00719920590972345,0.00882659289070393,0.0114281548804291,0.0130211702319036,0.0142186398847436,0.0185246042874104,0.0227158071939928,0.0213051858635259,0.0161563673774791,0.0114299889948203,0.00877132751518346,0.00875946209562055,0.0122238573112449,0.021277575077238,0.0331090748544765,0.0466265526321096,0.0714885706933895,0.102839706549861,0.129694120222727,0.159376984349951,0.201199531325544,0.225119215392554,0.207250397783018,0.176744088156493,0.1422512319809,0.127069866012944,0.161748088402407,0.239440798046367,0.344357042337404,0.525708637174307,0.845798274311932,1.21807414962348,1.45046013861688,1.38690580178568,1.30091246789702,1.40164169225408,1.49764185024916,1.53254223739295,1.62187643456397,1.68566080431616,1.547776664896,1.39039476588946,1.42241484362833,1.58136245001021,1.76772202055958,1.97463942445119,2.13490990433248,2.10657535464786,1.96889488930311,1.83435459453071,1.69452501953092,1.57932701055995,1.50058288750854,1.54628546071929,1.72338251837861,1.8466436308773,1.88509603663965,1.89218644869511,1.99740463096495,2.10157526208757,2.14560772699429,1.98025201382878,1.67755308097411,1.423249193126,1.18884219792092,0.944086999202255,0.687173664306993,0.474281660644253,0.331107902368272,NA,NA,NA,NA,NA,NA,NA,NA,NA,NA,NA,NA,51.299911984045,52.4789212431388,53.2303475407211,53.6648474397187,54.0680476449641,54.3929014260323,54.3448113221902,54.4451425099788,54.5226634527197,54.7592509832258,54.8905917348116,55.0045328390582,54.9515716323197,54.9665763963409,54.8127403424884,54.8519589773629,54.7334395529789,54.4769872897426,54.1251082603428,53.7815182077225,53.1425814415459,52.4962394761695,51.781122388666,51.4684874320819,51.478298464661,51.6073471146323,51.9058279101004,51.7781290849035,51.1870633959298,50.0142352040989,48.0452280474577,44.3711586745509,39.7898300896593,35.246616824943,32.3096204344417,30.3969850046735,28.3494709373815,26.3972285604128,24.671292669669,22.8117908035756,21.0142881374752,19.832687634868,19.2232790617354,18.5958867254546,17.7947595152533,16.8233776561661,15.5543235733843,14.101687099611,12.9568142063993,12.2162489842609,11.7968551314004,11.6328422898524,11.5702225923263,11.6630504459758,11.6489174661889,11.4139872138947,11.0180113474241,10.6136658549617,10.3072087747135,9.84871010482066,9.3791213905354,8.99757399648611,8.83058147716264,8.94784660401916,9.20520717592382,9.59633874325861,10.2467041687907,11.2274419079471,12.4698559500852,NA,NA,NA,NA,NA,NA,NA,NA,NA,NA,NA,NA
"Group","Region","Subregion","Name","SciName","Stock","start.yr","end.yr","start.yr.new","btype","N bt","start.yr.cpue","end.yr.cpue","min.cpue","max.cpue","min.yr.cpue","max.yr.cpue","endbio.low","endbio.hi","q.prior.low","q.prior.hi","MaxCatch","MSY_prior","MeanLast5RawCatch","SDLast5RawCatch","LastCatch","MinSmoothCatch","MaxSmoothCatch","MeanSmoothCatch","gMeanPrior_r","MSY_BSM","lcl.MSY_BSM","ucl.MSY_BSM","r_BSM","lcl.r_BSM","ucl.r_BSM","log.r_var","k_BSM","lcl.k_BSM","ucl.k_BSM","log.k_var","log.kr_cor","log.kr_cov","q_BSM","lcl.q_BSM","ucl.q_BSM","rel_B_BSM","lcl.rel_B_BSM","ucl.rel_B_BSM","rel_start_B_BSM","lcl.rel_start_B_BSM","ucl.rel_start_B_BSM","rel_int_B_BSM","lcl.rel_int_B_BSM","ucl.rel_int_B_BSM","int.yr","rel_F_BSM","r_CMSY","lcl.r_CMSY","ucl.r_CMSY","k_CMSY","lcl.k_CMSY","ucl.k_CMSY","MSY_CMSY","lcl.MSY_CMSY","ucl.MSY_CMSY","rel_B_CMSY","2.5th.rel_B_CMSY","97.5th.rel_B_CMSY","rel_start_B_CMSY","2.5th.rel_start_B_CMSY","97.5th.rel_start_B_CMSY","rel_int_B_CMSY","2.5th.rel_int_B_CMSY","97.5th.rel_int_B_CMSY","rel_F_CMSY","2.5th.rel_F_CMSY","97.5th.rel_F_CMSY","F_msy","lcl.F_msy","ucl.F_msy","curF_msy","lcl.curF_msy","ucl.curF_msy","MSY","lcl.MSY","ucl.MSY","Bmsy","lcl.Bmsy","ucl.Bmsy","last.B","lcl.last.B","ucl.last.B","last.B_Bmsy","lcl.last.B_Bmsy","ucl.last.B_Bmsy","last.F","lcl.last.F","ucl.last.F","last.F_Fmsy","lcl.last.F_Fmsy","ucl.last.F_Fmsy","sel_B","sel_B_Bmsy","sel_F","sel_F_Fmsy","c50","c51","c52","c53","c54","c55","c56","c57","c58","c59","c60","c61","c62","c63","c64","c65","c66","c67","c68","c69","c70","c71","c72","c73","c74","c75","c76","c77","c78","c79","c80","c81","c82","c83","c84","c85","c86","c87","c88","c89","c90","c91","c92","c93","c94","c95","c96","c97","c98","c99","c00","c01","c02","c03","c04","c05","c06","c07","c08","c09","c10","c11","c12","c13","c14","c15","c16","c17","c18","c19","c20","c21","c22","c23","c24","c25","c26","c27","c28","c29","c30","F.Fmsy50","F.Fmsy51","F.Fmsy52","F.Fmsy53","F.Fmsy54","F.Fmsy55","F.Fmsy56","F.Fmsy57","F.Fmsy58","F.Fmsy59","F.Fmsy60","F.Fmsy61","F.Fmsy62","F.Fmsy63","F.Fmsy64","F.Fmsy65","F.Fmsy66","F.Fmsy67","F.Fmsy68","F.Fmsy69","F.Fmsy70","F.Fmsy71","F.Fmsy72","F.Fmsy73","F.Fmsy74","F.Fmsy75","F.Fmsy76","F.Fmsy77","F.Fmsy78","F.Fmsy79","F.Fmsy80","F.Fmsy81","F.Fmsy82","F.Fmsy83","F.Fmsy84","F.Fmsy85","F.Fmsy86","F.Fmsy87","F.Fmsy88","F.Fmsy89","F.Fmsy90","F.Fmsy91","F.Fmsy92","F.Fmsy93","F.Fmsy94","F.Fmsy95","F.Fmsy96","F.Fmsy97","F.Fmsy98","F.Fmsy99","F.Fmsy00","F.Fmsy01","F.Fmsy02","F.Fmsy03","F.Fmsy04","F.Fmsy05","F.Fmsy06","F.Fmsy07","F.Fmsy08","F.Fmsy09","F.Fmsy10","F.Fmsy11","F.Fmsy12","F.Fmsy13","F.Fmsy14","F.Fmsy15","F.Fmsy16","F.Fmsy17","F.Fmsy18","F.Fmsy19","F.Fmsy20","F.Fmsy21","F.Fmsy22","F.Fmsy23","F.Fmsy24","F.Fmsy25","F.Fmsy26","F.Fmsy27","F.Fmsy28","F.Fmsy29","F.Fmsy30","B50","B51","B52","B53","B54","B55","B56","B57","B58","B59","B60","B61","B62","B63","B64","B65","B66","B67","B68","B69","B70","B71","B72","B73","B74","B75","B76","B77","B78","B79","B80","B81","B82","B83","B84","B85","B86","B87","B88","B89","B90","B91","B92","B93","B94","B95","B96","B97","B98","B99","B00","B01","B02","B03","B04","B05","B06","B07","B08","B09","B10","B11","B12","B13","B14","B15","B16","B17","B18","B19","B20","B21","B22","B23","B24","B25","B26","B27","B28","B29","B30"
NA,"Northeast Shelf","Gulf of Maine / Georges Bank","Acadian redfish","Sebastes fasciatus","Acadian redfish - Gulf of Maine / Georges Bank",1950,1995,NA,"CPUE",46,1950,1995,1.6322,22.2965,1992,1950,0.0169099481501899,0.21467087513661,0.0117315478518675,0.644942475811936,34.307,18.7323,1.0146,0.594140808226467,0.643,0.637631634156664,31.2011248518828,10.7818334875682,0.158113883008419,16.3660300774802,12.0359977779361,22.2423907764887,0.0724287788183181,0.0455601053221564,0.111598625422439,0.0521945385590397,893.307139825887,632.998015647178,1383.55485395794,0.0379583777689821,-0.740543272890462,-0.0329622458457614,0.0666655446243871,0.0470381270673401,0.086835926970552,0.0324151631647006,0.0237488332925774,0.0451584252925199,0.347592390820739,0.313690513750709,0.384723078415377,0.031860878495871,0.024024791711016,0.0416822250859331,1989,4.6616538887243,0.0810573484952624,0.0467127181417432,0.113027520670051,859.152140783476,628.537707703258,1396.92159584965,17.4101486214843,12.4547184468345,23.3571718460704,0.106603682653034,0.055527480587345,0.208450779746854,0.346283568947579,0.312204964574371,0.382607849138699,0.0990148197506855,0.0567659874471978,0.172138761239026,0.416180682678772,0.100502000803761,1.68594912713904,0.036214389409159,0.0227800526610782,0.0557993127112195,0.00469558136643159,0.00295367649563729,0.00723497530404934,16.3660300774802,12.0359977779361,22.2423907764887,446.653569912943,316.499007823589,691.777426978969,29.1509627169724,20.336618654001,45.6840666053936,0.0648303263294013,0.0474976665851547,0.0903168505850398,0.0218694724299123,0.0128227393540465,0.0347910083142903,4.6616538887243,2.09215912737597,9.34830483286075,NA,NA,NA,NA,34.307,30.077,21.377,16.791,12.988,13.914,14.388,18.49,16.047,15.521,11.375,14.101,14.134,10.046,8.352,8.056,8.566,10.775,6.775,12.412,16.743,20.011,19.11,17.364,10.485,10.571,10.693,13.216,14.076,14.748,9.897,7.92,6.907,5.33,4.793,4.282,3.053,1.895,1.157,0.672,0.64,2.029,0.967,0.898,0.536,0.643,NA,NA,NA,NA,NA,NA,NA,NA,NA,NA,NA,NA,NA,NA,NA,NA,NA,NA,NA,NA,NA,NA,NA,NA,NA,NA,NA,NA,NA,NA,NA,NA,NA,NA,NA,2.770282466285,2.62292531351041,2.28159241310881,1.88577800323903,1.64738609188396,1.6047457018855,1.75490009876815,1.93401335392679,1.97653556482018,1.8964849037058,1.83093877877449,1.84319581042537,1.79397423249492,1.60501179034772,1.38828810847261,1.29915905123792,1.34074554153611,1.41338282004963,1.56606512745695,2.02233407582742,2.76741912031179,3.57806378120481,4.24930657502338,4.53907728517524,4.50644220532801,4.68438131266935,5.63591382763893,7.40622714135383,10.001404816588,12.6454710030868,14.6513487789042,15.8971389415994,17.2647110553332,18.6038283630345,19.8539014956814,20.527403579981,18.7934353213635,14.6201318503685,10.0796581939249,7.42353096440943,7.85929938576525,9.20970735131169,8.57850144448141,6.7153928915808,5.21218357271433,4.6616538887243,NA,NA,NA,NA,NA,NA,NA,NA,NA,NA,NA,NA,NA,NA,NA,NA,NA,NA,NA,NA,NA,NA,NA,NA,NA,NA,NA,NA,NA,NA,NA,NA,NA,NA,NA,310.973361768368,291.030055733359,273.829261158268,261.78373012167,253.943181668585,248.841219981819,243.020183277921,236.622328178494,230.342719830915,223.06691611656,217.285111788755,213.220981220085,208.60712031527,205.554268160322,203.949961239727,203.231854727881,203.32204515436,202.043076357162,200.662448959977,197.000583537425,189.878774496602,177.743635713468,162.605644719491,147.586705486817,134.26257150511,123.174651539387,113.378770497739,103.216002473245,91.5519414909901,79.1267644023387,67.1054933633505,57.2182735461796,49.2912327600318,43.1642010222118,38.3078264654209,34.3684980743431,31.3851719410368,29.4557235698637,28.6179325060435,28.6042787037107,28.8034567233728,28.732628383958,28.4394666513239,28.6377927124776,28.9269952230693,29.1509627169724,NA,NA,NA,NA,NA,NA,NA,NA,NA,NA,NA,NA,NA,NA,NA,NA,NA,NA,NA,NA,NA,NA,NA,NA,NA,NA,NA,NA,NA,NA,NA,NA,NA,NA,NA
"Medium benthopelagics (30 - 89 cm)","CCSBT; ICCAT","North Patagonian Gulfs","Argentine seabass in North Patagonian Gulfs","Acanthistius brasilianus","Acan_bra_NPatagonianGulfs",1950,2018,NA,"CPUE",15,1982,1996,0.337139162443263,0.862283927,1995,1982,0.01,0.2,0.00571404626740845,0.140196160662579,10.81567916,5.55681000345,0.61102021474,0.217781779192525,0.347307431,0.0485065252017795,7.53200205437024,2.10481025140422,0.4,3.68863633310781,2.89543344305761,4.48340130378386,0.25597090436489,0.158354089777974,0.413036611480674,0.062900937212864,57.6755522572324,40.4904078680968,81.1937481188143,0.0310785625622916,-0.919842036264463,-0.0406698221065695,0.0221056374371342,0.0143492866734183,0.034755184172437,0.302256731324754,0.0319091991455737,0.619299416094824,0.904958491851985,0.827786436358042,0.968367702333619,0.181869943235259,0.0833430051681639,0.348434050016238,2013,0.206790885924255,0.228064507473239,0.140773990467564,0.308897051390927,66.3365979779438,51.9216270863779,94.532723134621,3.78225588632251,2.82781494215632,4.60833630353171,0.112606606872364,0.0405359005781281,0.219001778285016,0.910913867211757,0.838004053397258,0.971053544639596,0.12127703574594,0.0794316161964812,0.174886144122464,1.21077137336598,0.29613213015772,9.36190064916727,0.127985452182445,0.0791770448889868,0.206518305740337,0.127985452182445,0.0791770448889868,0.206518305740337,3.68863633310781,2.89543344305761,4.48340130378386,28.8377761286162,20.2452039340484,40.5968740594072,17.2133323557857,1.75875364413192,36.6389461334174,0.604513462649507,0.0638183982911473,1.23859883218965,0.0254626151575451,0.0108532038049442,0.243866934075975,0.206790885924255,0.0832997530999611,13.8592843272033,NA,NA,NA,NA,0.04283100241,0.04283100241,0.08566200481,0.1284930072,0.04291023976,0.129158601,0.2153610046,0.1726393497,0.08878395658,0.08824514257,0.04460591914,0.04466930903,0.08941785541,0.0451764281,0.4001537797,0.1336434353,0.4885098546,0.8445806816,0.8472747517,1.113606063,1.109839076,2.442264018,0.799689508,1.598681727,0.7549251142,0.6284670079,0.7550518939,1.763289407,2.210556005,2.257386138,5.636358611,7.20556704,10.81567916,4.837319277,3.856175371,7.078982154,5.30146386,5.120691759,4.648552342,6.308813058,3.351612457,3.08867122,3.010949997,4.332754778,3.523950319,4.855436834,4.771136641,4.049383881,2.316711231,2.824836914,1.836150254,2.167934318,1.605621249,1.789516886,2.235890414,2.65694538,1.928880916,1.974509211,2.010915563,2.062741076,1.845587894,1.636169287,0.9527927659,1.099490017,0.8278425134,0.8461369607,0.5259852178,0.5078289508,0.347307431,NA,NA,NA,NA,NA,NA,NA,NA,NA,NA,NA,NA,0.00728554770082869,0.00894591809091782,0.0116407397186691,0.0132303495655553,0.0143918151145322,0.0188080520386808,0.0229377713303094,0.0214555059386846,0.0162390865260317,0.0117150512047371,0.00892713243742669,0.00882827506073587,0.012397329650562,0.0213452195451904,0.0334283852599006,0.047454682752447,0.0726094897333887,0.103451294452616,0.131026816909795,0.161165977530244,0.202806289813426,0.228356872115825,0.209701324582982,0.178251813748058,0.144470777680119,0.128580584559506,0.163174903249387,0.240035933797956,0.346154634718891,0.530234310865527,0.845624441627329,1.22259022841299,1.44796457763363,1.38077341806449,1.30148714640358,1.4094367768939,1.50311856353584,1.53507403796013,1.6221433576686,1.68634268313543,1.55280682982633,1.38925033903421,1.42762734722645,1.58440912355713,1.76414337574062,1.9784585248885,2.13820813688598,2.10179462580682,1.94446816866473,1.79688740199959,1.67053192352598,1.5526695908851,1.47310948813758,1.50831878387748,1.65235845715115,1.77222618225126,1.78259162135638,1.77610376089274,1.82923164526386,1.89884859412917,1.85280077304904,1.6377223008665,1.33320059846764,1.05456399830334,0.819950376107264,0.598125582441911,0.409758339929188,0.278351684597727,0.206790885924255,NA,NA,NA,NA,NA,NA,NA,NA,NA,NA,NA,NA,51.9985896857347,52.9997392457472,53.6453437438196,54.0810139660828,54.3744902797738,54.5535815215378,54.7420789454955,54.6319623938774,54.9021483519521,55.1298445234692,55.1666827736056,55.3133392032861,55.2978426641479,55.4723750945762,55.4403888431535,55.4814514200041,55.3813976167344,54.9746699519202,54.4959288444507,54.0768743506567,53.6091590175457,53.0863377533537,52.3967713176055,51.869360592578,52.0492406723353,52.2345860236397,52.3710727009558,52.4899206303805,51.8886855964796,50.8191127893062,48.7101919220738,45.214439770224,40.610258399988,36.1410382758363,33.1053113631265,31.0338068482815,29.0021553738888,27.0190939858882,25.0776576290717,23.1995371749202,21.419152648364,20.1665236188602,19.5736921282425,18.9927073117038,18.1585963423055,17.1256231236163,15.8308454943539,14.4549773173633,13.2871757157181,12.5615488886717,12.1603700016574,11.9541221875977,11.9536353079282,12.0302660096791,12.0767224603537,11.9067437336341,11.6157102658644,11.3218769464927,11.0518774786412,10.7762562455292,10.407379269659,10.101438535642,10.007872361473,10.2997215379426,10.9461486425154,11.8798727549475,13.1394002776808,14.9336149683478,17.2133323557857,NA,NA,NA,NA,NA,NA,NA,NA,NA,NA,NA,NA
"Other demersal invertebrates","NEAFC; NASCO; ICCAT; ICES","Celtic Seas","Queen scallop in Celtic Seas","Aequipecten opercularis","Aequ_ope_Celtic",1994,2015,NA,"CPUE",22,1994,2015,3.1383,25.7703,1999,2010,0.256,0.721,0.0938963046436103,1.58512022885228,29.18941373,17.057925738,20.94466177,6.77780976744824,16.87484943,5.09022545199271,23.8289064781488,13.1010665168537,0.558157683813454,18.1391211226448,15.2981501808377,22.1830551000043,0.721583223981067,0.482241337319316,0.985648088619488,0.031494655380918,99.8557203890646,74.3162002523372,156.980713875818,0.0355246773891727,-0.871628248810799,-0.0291551176706891,0.234634346280661,0.146127995126075,0.322415529568588,0.274021074014446,0.182630946553417,0.475907505165455,0.155820342501843,0.129158027798179,0.18529318280404,0.22173566558406,0.180248647263245,0.281038821370133,1998,1.59270978232091,0.67063124176296,0.485226373657994,0.8219285235363,124.966309703016,94.0506619852888,190.419794420422,20.9515778636671,16.0284835121171,28.765021936873,0.567595677290263,0.341110159312471,0.752374190448829,0.156956509648496,0.124460897217218,0.190571396834256,0.263645160487572,0.189465491091893,0.404023496212526,0.698522031582843,0.354136932203747,1.45998464239939,0.360791611990534,0.241120668659658,0.492824044309744,0.360791611990534,0.241120668659658,0.492824044309744,18.1391211226448,15.2981501808377,22.1830551000043,49.9278601945323,37.1581001261686,78.4903569379091,27.3594568620617,18.0903137421155,56.2688201905382,0.548042148028891,0.365261893106835,0.951815010330909,0.573509182976324,0.267244702720079,0.981202430760623,1.59270978232091,0.813114911576051,3.40538231289511,NA,NA,NA,NA,0,0,0,0,0,0,0,0,0,0,0,0,0,0,0,0,0,0,0,0,0,0,0,0,0,0,0,0,0,0,0,0,0,0,0,0,0,0,0,0,0,0,0,0,6.935183286,4.093160959,3.576031633,8.275740784,10.30225885,9.909589939,11.63105318,16.39288586,17.69993332,14.01563225,9.6105529,9.205674156,10.36570133,13.1874503,8.751452278,9.585404724,20.2665327,29.18941373,25.51585545,21.04776972,12.09542052,16.87484943,NA,NA,NA,NA,NA,NA,NA,NA,NA,NA,NA,NA,NA,NA,NA,0,0,0,0,0,0,0,0,0,0,0,0,0,0,0,0,0,0,0,0,0,0,0,0,0,0,0,0,0,0,0,0,0,0,0,0,0,0,0,0,0,0,0,0,1.54263582503527,1.27115306723519,1.14810315612509,1.23074448891932,1.32451841100892,1.31373497293504,1.31125364831077,1.40171440880757,1.46118565479194,1.34124873877333,1.08467393924893,0.860404071363759,0.70844578065743,0.567131396605043,0.469610064064733,0.507114920887315,0.707245171196763,1.05520915381413,1.41228807616417,1.59620002766077,1.5831378520866,1.59270978232091,NA,NA,NA,NA,NA,NA,NA,NA,NA,NA,NA,NA,NA,NA,NA,99.8557203890646,99.8557203890646,99.8557203890646,99.8557203890646,99.8557203890646,99.8557203890646,99.8557203890646,99.8557203890646,99.8557203890646,99.8557203890646,99.8557203890646,99.8557203890646,99.8557203890646,99.8557203890646,99.8557203890646,99.8557203890646,99.8557203890646,99.8557203890646,99.8557203890646,99.8557203890646,99.8557203890646,99.8557203890646,99.8557203890646,99.8557203890646,99.8557203890646,99.8557203890646,99.8557203890646,99.8557203890646,99.8557203890646,99.8557203890646,99.8557203890646,99.8557203890646,99.8557203890646,99.8557203890646,99.8557203890646,99.8557203890646,99.8557203890646,99.8557203890646,99.8557203890646,99.8557203890646,99.8557203890646,99.8557203890646,99.8557203890646,99.8557203890646,15.5423606451653,16.3609390199052,18.3043180709429,20.7683586072389,22.2788780004665,23.4250064646174,25.979718920811,28.608296988465,29.0609813327759,28.4240604610631,29.1240186735498,32.2296966689252,38.9444757221136,50.3976275255884,62.5659363742551,71.1656820500234,74.576079840791,67.2570416065271,53.015637100315,39.7363481326481,31.0080766789788,27.3594568620617,NA,NA,NA,NA,NA,NA,NA,NA,NA,NA,NA,NA,NA,NA,NA
NA,"Alaska Ecosystem Complex","Bering Sea / Aleutian Islands","Alaska skate","Bathyraja parmifera","Alaska skate - Bering Sea / Aleutian Islands",1960,2014,NA,"CPUE",55,1960,2014,0.6409,1.75106,1984,1960,0.5,0.8,0.000658339811937737,0.0360781989205388,29.435,28.1516666666667,21.8984,3.6707175456578,24.758,0.00028383796771308,24.4613539305424,12.6135877988983,0.158113883008419,20.513805874002,14.1675046964085,31.9591611997813,0.120167029726566,0.0596546792297722,0.230733251297946,0.131670799614912,695.502251798623,290.797563687743,1636.15846548237,0.23654641834815,-0.917088377409444,-0.161850525676868,0.00317239883515806,0.00140332859731529,0.00730432303730806,0.594959884148869,0.42444387739151,0.807193031490545,0.836016501184849,0.71766108022294,0.943053474424631,0.342557935739502,0.256440295028731,0.444831985580849,1989,0.994176511934482,0.082316457119863,0.0484298183356732,0.114085568751446,1440.50062695961,1063.3110499926,2404.72138923225,29.6442270225642,20.4085462732961,42.4016402800172,0.639615883270759,0.470710765119055,0.788126094954081,0.847128438086407,0.717340931354953,0.95401294895983,0.278292344360219,0.146851656820542,0.419761037126063,0.664751945244172,0.39122447021421,1.16223494353697,0.0600835148632828,0.0298273396148861,0.115366625648973,0.0600835148632828,0.0298273396148861,0.115366625648973,20.513805874002,14.1675046964085,31.9591611997813,347.751125899312,145.398781843871,818.079232741187,413.34371144777,162.84408699409,990.253357277641,1.18991976829774,0.84888775478302,1.61438606298109,0.0588680739943178,0.0232148097475498,0.158802732169146,0.994176511934482,0.542794555840907,1.85417243106822,NA,NA,NA,NA,0,0,0,0,0,0,0,0,0,0,0,0,0,0,0.347,1.078,1.054,2.504,10.791,5.055,7.722,6.469,6.293,26.326,28.694,26.084,12.599,17.649,29.435,18.816,16.888,17.056,8.786,7.427,4.067,5.488,4.976,4.068,5.73,2.34,2.697,7.618,15.287,11.018,12.818,13.422,11.394,15.991,17.278,12.606,16.417,17.535,19.514,17.656,20.715,21.373,18.537,16.847,19.484,18.473,15.79,21.664,22.571,24.709,24.758,NA,NA,NA,NA,NA,NA,NA,NA,NA,NA,NA,NA,NA,NA,NA,NA,0,0,0,0,0,0,0,0,0,0,8.30188696126273e-06,0.000125659313809108,0.00108998872359339,0.00527479194109861,0.0152289765500071,0.0322402472400492,0.0671550902286958,0.140594234790689,0.216299226049953,0.242620946447719,0.25276811292283,0.307183808765298,0.50123595935595,0.827513650207923,1.06445698533143,1.08212343714976,1.00029419709937,1.10154941293411,1.29535433649634,1.33065303546899,1.22414770849602,1.0724649873005,0.834893784698929,0.605002980079908,0.464867225740629,0.410086330421554,0.381939657297223,0.355933137020359,0.316635446203133,0.276834676205886,0.313352372070571,0.454742106064636,0.561332482479761,0.566142704405767,0.545456688108448,0.535181512850256,0.545868420817544,0.583194441101842,0.601342042288437,0.60369415999813,0.63756401514217,0.699350258824017,0.742046085427632,0.784487091396826,0.817535951413615,0.830321401609575,0.798002911111683,0.765914957932,0.762786538412312,0.750816452325163,0.766034283368585,0.824021242141026,0.906160730323702,0.963954365679296,0.994176511934482,NA,NA,NA,NA,NA,NA,NA,NA,NA,NA,NA,NA,NA,NA,NA,NA,695.502251798623,695.502251798623,695.502251798623,695.502251798623,695.502251798623,695.502251798623,695.502251798623,695.502251798623,695.502251798623,695.502251798623,574.83870454975,564.815636619864,552.290769793,548.233223790582,534.893925808504,528.296238046031,517.66454418596,507.748525332396,496.50081167171,483.142720977093,469.293020878276,452.767866992937,437.253406165027,419.660303375965,390.976379349203,360.138452759118,330.846316061329,310.441236051836,289.278560759938,267.572029538648,248.153855649512,232.012518353797,220.967364025098,214.73958451443,211.324637855879,211.814111900173,215.545549934598,221.4963819382,227.039627857784,236.322794285938,266.547482668745,300.567466118545,330.82989931188,361.26335862382,385.770758558987,404.465686610397,419.470592102934,426.567794177605,428.031013259531,426.182057208611,423.388205235726,421.015806715169,415.374695513264,411.256755168332,407.395035069168,405.062320803236,403.76088660246,403.509392925193,406.595031983084,406.699880477558,410.389217048539,416.70475756655,418.959720112495,418.475395111221,413.34371144777,NA,NA,NA,NA,NA,NA,NA,NA,NA,NA,NA,NA,NA,NA,NA,NA
NA,"South Atlantic",NA,"Albacore tuna","Thunnus alalunga","alb.satl",1956,2005,NA,"CPUE",50,1956,2005,1.037798202,3.304933774,2003,1960,0.04,0.4,0.00727863019104096,0.120974476305258,40.63,28.28636685,28.00152556,7.79182067424921,18.916469,0.450273146563846,35.31222004181,23.9569334097167,0.514975727583349,27.7616642952415,24.9033562109411,30.8180866524422,0.455276131440441,0.292567218750391,0.659766016255825,0.0444166814456346,242.945091865304,173.123101521173,376.172138363207,0.0401355047332633,-0.966515493425667,-0.0408080871910866,0.0129946913985898,0.00840867274030758,0.018215537537403,0.333544236302991,0.241819582194554,0.449306987771801,0.902766648273706,0.855387245211789,0.943779794282951,0.632503365404764,0.531003295191932,0.738427333454802,1976,1.15955941751264,0.486067347925177,0.338332377154045,0.605965076745043,232.779351169899,186.620564883796,321.182252053239,28.2866104687241,24.8385716897919,31.5037670297504,0.249085508054416,0.107110781708487,0.482274217323858,0.903543217049404,0.856619374801287,0.94565571395028,0.675775333721978,0.558455556796267,0.788931112638179,1.62128619263347,0.71376932967627,8.58374803279398,0.227638065720221,0.146283609375196,0.329883008127912,0.227638065720221,0.146283609375196,0.329883008127912,27.7616642952415,24.9033562109411,30.8180866524422,121.472545932652,86.5615507605864,188.086069181603,81.5830141711641,50.8806938824817,138.607916772345,0.667088472605982,0.483639164389108,0.898613975543603,0.262368465161752,0.142284007835075,0.45577584231542,1.15955941751264,0.731171312253978,1.90016510367058,NA,NA,NA,NA,0,0,0,0,0,0,0.021,0.725,1.047,4.715,10.475,10.765,18.971,17.385,25.999,29.845,27.296,15.883,25.688,28.493,23.653,24.885,33.189,28.2341,19.716,17.607,19.375,21.455,23.095,22.639982,22.946,24.04,29.672,14.918,14.599,31.0973,37.288,40.63,30.173,27.2116,28.714023,26.015848,36.562379,32.813064,35.299596,27.552497,28.425808,28.021629,30.594865,27.65629,31.386847,38.795804,31.745659,28.004967,22.5447288,18.916469,NA,NA,NA,NA,NA,NA,NA,NA,NA,NA,NA,NA,NA,NA,NA,NA,NA,NA,NA,NA,NA,NA,NA,NA,NA,0,0,0,0,0,0,0.00898651867645361,0.0198312126305646,0.0474608551784939,0.100510454658112,0.167618231737372,0.238070506668368,0.31249629516791,0.39133682191054,0.484286928002846,0.544407932451116,0.535983225384256,0.517336845772301,0.549191527735456,0.606099666016409,0.643344598037302,0.705296959041438,0.773017794864203,0.761762532581065,0.660290219761001,0.586123407903284,0.581868820520642,0.615944772929831,0.652835470889289,0.673972489554138,0.699315937322055,0.730472331963087,0.710790033000836,0.629039211792221,0.651820766370207,0.848379642255704,1.0753551057146,1.20113874690642,1.17691639247696,1.1035388376939,1.07797543869448,1.12209793555225,1.21078699195505,1.27501621621052,1.26751156787842,1.21930655681678,1.18250617452727,1.19206920561012,1.2146267668602,1.27010908089946,1.39232173607994,1.52176506710462,1.54523596542198,1.44680385928017,1.29697996315835,1.15955941751264,NA,NA,NA,NA,NA,NA,NA,NA,NA,NA,NA,NA,NA,NA,NA,NA,NA,NA,NA,NA,NA,NA,NA,NA,NA,242.945091865304,242.945091865304,242.945091865304,242.945091865304,242.945091865304,242.945091865304,219.527537908312,231.304489746465,236.599284639741,238.249755087958,237.634658457033,233.540926806911,228.736965894911,222.563978490778,215.206350851649,206.843481493906,199.113840255353,193.916642002543,190.8024139842,185.375578371087,178.824371793772,171.846158075645,164.643398837714,156.249216757006,151.391674857579,151.37198465087,153.799037797295,155.334453267361,155.185473086121,153.324130930944,151.760512799924,149.899310809341,147.663473087332,146.698053670916,149.405276804806,150.192806233884,144.019729067003,132.847582273336,121.882776981939,115.905924923234,114.070508315161,113.96670478561,113.202059292475,110.422246651338,107.321091018114,104.417143011153,103.75275013265,103.873213947234,103.531428997647,102.242113477039,100.04340787731,95.25465767319,88.7148136561868,83.1138998967139,80.6709263143342,81.5830141711641,NA,NA,NA,NA,NA,NA,NA,NA,NA,NA,NA,NA,NA,NA,NA,NA,NA,NA,NA,NA,NA,NA,NA,NA,NA
NA,"Northeast Shelf","Gulf of Maine / Georges Bank","American plaice","Hippoglossoides platessoides","American plaice - Gulf of Maine / Georges Bank",1980,2005,NA,"CPUE",26,1980,2005,0.4798,3.8007,2005,1980,0.0438612785928981,0.271892665386892,0.00346475863625152,0.18228206885632,15.156,9.7461,2.6984,1.28099367679938,1.343,1.625691661548,13.6596610262581,5.69316961253602,0.158113883008419,6.1966428794972,4.81705256459734,8.00753471475045,0.289460167493659,0.173480169960397,0.494089719206354,0.0696166518825963,86.0229328667364,59.6268155493889,120.912832847572,0.0327555043719945,-0.888719886328353,-0.0424388503070255,0.0505624415509062,0.0333448045992627,0.0779769684707733,0.117682262907977,0.0798543558952794,0.173840748027441,0.750651070128137,0.703161302887091,0.794732083216199,0.218158924977998,0.179517902260386,0.270071549046937,1989,2.36528355272847,0.10171160990763,0.048751423731926,0.124737241902911,311.367932399466,285.686401967709,698.924897513447,7.91743341948994,5.54150151573166,13.448186628984,0.169128932923483,0.0721409028991608,0.313802127178015,0.74436017943797,0.689814411241449,0.796436533997507,0.269493399325776,0.160375426714162,0.402104727353474,0.83278297110747,0.256670617123429,4.83130127045478,0.144730083746829,0.0867400849801987,0.247044859603177,0.0681286550647519,0.0408310779412002,0.116291192471542,6.1966428794972,4.81705256459734,8.00753471475045,43.0114664333682,29.8134077746945,60.4564164237862,10.0895523939186,5.70185864725565,18.0382773113882,0.235364525815955,0.159708711790559,0.347681496054882,0.160980068814046,0.0849915492288879,0.308427786422687,2.36528355272847,1.06464115553768,5.22463319355066,NA,NA,NA,NA,0,0,0,0,0,0,0,0,0,0,0,0,0,0,0,0,0,0,0,0,0,0,0,0,0,0,0,0,0,0,13.597,12.901,15.156,13.178,10.142,7.07,4.506,3.849,3.49,2.421,2.497,4.287,6.419,5.72,5.007,4.619,4.365,3.955,3.651,3.231,4.339,4.451,3.498,2.487,1.713,1.343,NA,NA,NA,NA,NA,NA,NA,NA,NA,NA,NA,NA,NA,NA,NA,NA,NA,NA,NA,NA,NA,NA,NA,NA,NA,0,0,0,0,0,0,0,0,0,0,0,0,0,0,0,0,0,0,0,0,0,0,0,0,0,0,0,0,0,0,1.4602501106792,1.75377823833225,2.11723337573298,2.41085015322819,2.52905139826928,2.29309784625725,1.98099455947871,1.71550999392853,1.4583494166048,1.23706528585839,1.22288356262709,1.43748280175068,1.71799782187628,1.85041858889525,1.86754388055047,1.8405061170622,1.79581177640987,1.73773256007838,1.7333896718937,1.83879188278533,2.14405613702115,2.5202266830228,2.77988997643118,2.74286189922968,2.531926202502,2.36528355272847,NA,NA,NA,NA,NA,NA,NA,NA,NA,NA,NA,NA,NA,NA,NA,NA,NA,NA,NA,NA,NA,NA,NA,NA,NA,86.0229328667364,86.0229328667364,86.0229328667364,86.0229328667364,86.0229328667364,86.0229328667364,86.0229328667364,86.0229328667364,86.0229328667364,86.0229328667364,86.0229328667364,86.0229328667364,86.0229328667364,86.0229328667364,86.0229328667364,86.0229328667364,86.0229328667364,86.0229328667364,86.0229328667364,86.0229328667364,86.0229328667364,86.0229328667364,86.0229328667364,86.0229328667364,86.0229328667364,86.0229328667364,86.0229328667364,86.0229328667364,86.0229328667364,86.0229328667364,64.3599244674306,54.7923850037669,45.9820153636246,37.354418467228,29.6705835595369,23.5588266636988,20.2000424780741,18.8757484935511,18.551798688982,18.8414549771939,19.9942865304725,21.2853460636515,21.7437872616624,21.1650042955742,20.1992947391897,19.3268167134215,18.8020240155345,18.411450956609,18.0200921217182,17.4807662596104,16.7683132644615,15.4661256068989,13.7016933754906,11.9733217950534,10.7844196080755,10.0895523939186,NA,NA,NA,NA,NA,NA,NA,NA,NA,NA,NA,NA,NA,NA,NA,NA,NA,NA,NA,NA,NA,NA,NA,NA,NA
NA,"Northern Europe",NA,"Anglerfish (Lophius budegassa. Lophius piscatorius) in subareas 4 and 6. and Division 3.a (North Sea. Rockall and West of Scotland. Skagerrak and Kattegat)","Lophius piscatorius","anf.27.3a46",2005,2018,NA,"CPUE",14,2005,2018,33.254,87.896,2011,2017,0.190208755561935,0.582610707621645,0.22609956133311,3.79666249597384,21.719,20.901,18.5544,3.36992200206474,21.572,12.0123509142589,21.3096893500441,15.2155422192515,0.477593969811178,29.3796218825151,19.7803112660506,44.683735141826,0.452470151078831,0.323365500767937,0.627518273392376,0.0280334923284598,257.851881030249,143.787646196264,429.920303763802,0.0776780397890575,-0.674436981259742,-0.0314723452476713,0.770108155488282,0.495553540584591,1.18659121212073,0.412381905270563,0.293751011215112,0.576898388212205,0.192689603436007,0.149902385224947,0.25381795382257,0.220050209268644,0.167261690720207,0.316622448454024,2012,0.888381430061553,0.528502578315135,0.378962912955403,0.653541470514725,187.833037071586,128.951253986211,330.415806397867,24.8175610962739,17.8966225599955,40.9985072642452,0.430379594667379,0.255543716511479,0.607714060863308,0.211770443355709,0.15293703219875,0.2742317576736,0.279936751046048,0.184530363093513,0.404684270630163,1.03730256505693,0.493353390041888,2.18066424337877,0.226235075539415,0.161682750383968,0.313759136696188,0.226235075539415,0.161682750383968,0.313759136696188,29.3796218825151,19.7803112660506,44.683735141826,128.925940515124,71.8938230981319,214.960151881901,106.738384877417,61.5924894562539,179.681861273278,0.824763810541127,0.587502022430224,1.15379677642441,0.199324137342231,0.109819177031004,0.37126770699153,0.888381430061553,0.519042355630009,1.49719045358465,NA,NA,NA,NA,0,0,0,0,0,0,0,0,0,0,0,0,0,0,0,0,0,0,0,0,0,0,0,0,0,0,0,0,0,0,0,0,0,0,0,0,0,0,0,0,0,0,0,0,0,0,0,0,0,0,0,0,0,0,0,13.728,13.292,14.564,15.878,15.372,12.136,12.902,11.143,11.375,14.406,15.663,19.412,21.719,21.572,NA,NA,NA,NA,NA,NA,NA,NA,NA,NA,NA,NA,0,0,0,0,0,0,0,0,0,0,0,0,0,0,0,0,0,0,0,0,0,0,0,0,0,0,0,0,0,0,0,0,0,0,0,0,0,0,0,0,0,0,0,0,0,0,0,0,0,0,0,0,0,0,0,1.50880965392715,1.46901648920819,1.49665689276942,1.55675833184845,1.51290126400813,1.39854620009392,1.22597344984003,1.05405747205787,0.922846770957984,0.872964279415948,0.866460450252389,0.896399569447502,0.908710069315231,0.888381430061553,NA,NA,NA,NA,NA,NA,NA,NA,NA,NA,NA,NA,257.851881030249,257.851881030249,257.851881030249,257.851881030249,257.851881030249,257.851881030249,257.851881030249,257.851881030249,257.851881030249,257.851881030249,257.851881030249,257.851881030249,257.851881030249,257.851881030249,257.851881030249,257.851881030249,257.851881030249,257.851881030249,257.851881030249,257.851881030249,257.851881030249,257.851881030249,257.851881030249,257.851881030249,257.851881030249,257.851881030249,257.851881030249,257.851881030249,257.851881030249,257.851881030249,257.851881030249,257.851881030249,257.851881030249,257.851881030249,257.851881030249,257.851881030249,257.851881030249,257.851881030249,257.851881030249,257.851881030249,257.851881030249,257.851881030249,257.851881030249,257.851881030249,257.851881030249,257.851881030249,257.851881030249,257.851881030249,257.851881030249,257.851881030249,257.851881030249,257.851881030249,257.851881030249,257.851881030249,257.851881030249,50.0484539335472,51.6956078299142,53.1264907298638,53.6885585820692,52.9724435412462,52.9079348914434,54.1209752342682,57.7110219350654,63.5950882103171,72.0903608351811,82.3331539328669,92.2581349487552,100.593251550041,106.738384877417,NA,NA,NA,NA,NA,NA,NA,NA,NA,NA,NA,NA
