Continent,Region,Subregion,Stock,Group,Name,ScientificName,SpecCode,Source,MinOfYear,MaxOfYear,StartYear,EndYear,Flim,Fpa,Blim,Bpa,Bmsy,MSYBtrigger,Fmsy,last_F,Resilience,r.low,r.hi,stb.low,stb.hi,int.yr,intb.low,intb.hi,endb.low,endb.hi,btype,e.creep,force.cmsy,Comments,IGS_ecopath
Europe,West Mediterranean,North_Spain,ALB,NA,Albacore,Thunnus alalunga,Albacore_North_Spain,https://www.fishbase.se/summary/Thunnus-alalunga.html,2000,2013,2000,2013,NA,NA,NA,NA,NA,NA,NA,NA,Medium,0.28,0.64,NA,NA,NA,NA,NA,NA,NA,None,NA,FALSE,NA,NA
Europe,West Mediterranean,North_Spain,AMB,NA,Greater amberjack,Seriola dumerili,Greater amberjack_North_Spain,https://www.fishbase.ca/summary/Seriola-dumerili,2000,2013,2000,2013,NA,NA,NA,NA,NA,NA,NA,NA,Medium,0.32,0.72,NA,NA,NA,NA,NA,NA,NA,None,NA,FALSE,NA,NA
Europe,West Mediterranean,North_Spain,ANE,NA,European anchovy,Engraulis encrasicolus,European anchovy_North_Spain,https://www.fishbase.ca/summary/Engraulis-encrasicolus,1945,2013,1945,2013,NA,NA,NA,NA,NA,NA,NA,NA,Medium,0.39,0.89,NA,NA,NA,NA,NA,NA,NA,CPUE,NA,FALSE,NA,NA
Europe,West Mediterranean,North_Spain,ANK,NA,Blackbellied angler,Lophius budegassa,Blackbellied angler_North_Spain,https://www.fishbase.ca/summary/Lophius-budegassa,2000,2013,2000,2013,NA,NA,NA,NA,NA,NA,NA,NA,Very low,0.28,0.64,NA,NA,NA,NA,NA,NA,NA,CPUE,NA,FALSE,NA,NA
Europe,West Mediterranean,North_Spain,ANN,NA,Annular seabream,Diplodus annularis,Annular seabream_North_Spain,https://www.fishbase.ca/summary/Diplodus-annularis,2000,2013,2000,2013,NA,NA,NA,NA,NA,NA,NA,NA,Medium,0.35,0.8,NA,NA,NA,NA,NA,NA,NA,CPUE,NA,FALSE,NA,NA
Europe,West Mediterranean,North_Spain,ARA,NA,Blue and red shrimp,Aristeus antennatus,Blue and red shrimp_North_Spain,https://www.sealifebase.se/summary/Aristeus-antennatus,1996,2013,1996,2013,NA,NA,NA,NA,NA,NA,NA,NA,High,0.44,0.99,NA,NA,NA,NA,NA,NA,NA,CPUE,NA,FALSE,NA,NA
Europe,West Mediterranean,North_Spain,ARY,NA,Argentine,Argentina sphyraena,Argentine_North_Spain,https://www.fishbase.ca/summary/Argentina-sphyraena,2000,2013,2000,2013,NA,NA,NA,NA,NA,NA,NA,NA,Medium,NA,NA,NA,NA,NA,NA,NA,NA,NA,CPUE,NA,FALSE,NA,NA
Europe,West Mediterranean,North_Spain,BAS,NA,Combers nei,Serranus spp,Combers nei_North_Spain,NA,2000,2013,2000,2013,NA,NA,NA,NA,NA,NA,NA,NA,Medium,NA,NA,NA,NA,NA,NA,NA,NA,NA,None,NA,FALSE,NA,NA
Europe,West Mediterranean,North_Spain,BBS,NA,Black scorpionfish,Scorpaena porcus,Black scorpionfish_North_Spain,https://www.fishbase.ca/summary/Scorpaena-porcus,2000,2013,2000,2013,NA,NA,NA,NA,NA,NA,NA,NA,Medium,NA,NA,NA,NA,NA,NA,NA,NA,NA,CPUE,NA,FALSE,NA,NA
Europe,West Mediterranean,North_Spain,BFT,NA,Atlantic bluefin tuna,Thunnus thynnus,Atlantic bluefin tuna_North_Spain,https://www.fishbase.se/summary/thunnus-thynnus.html,2000,2013,2000,2013,NA,NA,NA,NA,NA,NA,NA,NA,Medium,0.16,0.35,NA,NA,NA,NA,NA,NA,NA,None,NA,FALSE,NA,NA
Europe,West Mediterranean,North_Spain,BIB,NA,Pouting(=Bib),Trisopterus luscus,Pouting(=Bib)_North_Spain,https://www.fishbase.ca/summary/Trisopterus-luscus,2000,2013,2000,2013,NA,NA,NA,NA,NA,NA,NA,NA,Medium,0.21,0.48,NA,NA,NA,NA,NA,NA,NA,None,NA,FALSE,NA,NA
Europe,West Mediterranean,North_Spain,BLI,NA,Blue ling,Molva dypterygia,Blue ling_North_Spain,https://www.fishbase.ca/summary/Molva-dypterygia,2000,2013,2000,2013,NA,NA,NA,NA,NA,NA,NA,NA,Very low,0.2,0.46,NA,NA,NA,NA,NA,NA,NA,CPUE,NA,FALSE,NA,NA
Europe,West Mediterranean,North_Spain,BLL,NA,Brill,Scophthalmus rhombus,Brill_North_Spain,https://www.fishbase.ca/summary/Scophthalmus-rhombus,2000,2013,2000,2013,NA,NA,NA,NA,NA,NA,NA,NA,Medium,0.31,0.7,NA,NA,NA,NA,NA,NA,NA,None,NA,FALSE,NA,NA
Europe,West Mediterranean,North_Spain,BLT,NA,Bullet tuna,Auxis rochei,Bullet tuna_North_Spain,https://www.fishbase.se/summary/Auxis-rochei,2000,2013,2000,2013,NA,NA,NA,NA,NA,NA,NA,NA,Medium,0.64,1.45,NA,NA,NA,NA,NA,NA,NA,None,NA,FALSE,NA,NA
Europe,West Mediterranean,North_Spain,BLU,NA,Bluefish,Pomatomus saltatrix,Bluefish_North_Spain,https://www.fishbase.ca/summary/Pomatomus-saltatrix,2000,2013,2000,2013,NA,NA,NA,NA,NA,NA,NA,NA,Medium,0.31,0.71,NA,NA,NA,NA,NA,NA,NA,CPUE,NA,FALSE,NA,NA
Europe,West Mediterranean,North_Spain,BOC,NA,Boarfish,Capros aper,Boarfish_North_Spain,https://www.fishbase.ca/summary/Capros-aper,2006,2013,2006,2013,NA,NA,NA,NA,NA,NA,NA,NA,Very low,0.29,0.67,NA,NA,NA,NA,NA,NA,NA,CPUE,NA,FALSE,NA,NA
Europe,West Mediterranean,North_Spain,BOG,NA,Bogue,Boops boops,Bogue_North_Spain,https://www.fishbase.ca/summary/Boops-boops,2000,2013,2000,2013,NA,NA,NA,NA,NA,NA,NA,NA,Medium,0.39,0.88,NA,NA,NA,NA,NA,NA,NA,CPUE,NA,FALSE,NA,NA
Europe,West Mediterranean,North_Spain,BON,NA,Atlantic bonito,Sarda sarda,Atlantic bonito_North_Spain,https://www.fishbase.se/summary/sarda-sarda.html,2000,2013,2000,2013,NA,NA,NA,NA,NA,NA,NA,NA,Medium,0.37,0.85,NA,NA,NA,NA,NA,NA,NA,None,NA,FALSE,NA,NA
Europe,West Mediterranean,North_Spain,BOY,NA,Purple dye murex,Bolinus brandaris,Purple dye murex_North_Spain,https://www.sealifebase.se/summary/Bolinus-brandaris,2000,2013,2000,2013,NA,NA,NA,NA,NA,NA,NA,NA,High,0.67,1.52,NA,NA,NA,NA,NA,NA,NA,CPUE,NA,FALSE,NA,NA
Europe,West Mediterranean,North_Spain,BRB,NA,Black seabream,Spondyliosoma cantharus,Black seabream_North_Spain,https://www.fishbase.ca/summary/Spondyliosoma-cantharus,2000,2013,2000,2013,NA,NA,NA,NA,NA,NA,NA,NA,Medium,0.31,0.71,NA,NA,NA,NA,NA,NA,NA,CPUE,NA,FALSE,NA,NA
Europe,West Mediterranean,North_Spain,BRF,NA,Blackbelly rosefish,Helicolenus dactylopterus,Blackbelly rosefish_North_Spain,https://www.fishbase.ca/summary/Helicolenus-dactylopterus,2000,2013,2000,2013,NA,NA,NA,NA,NA,NA,NA,NA,Very low,0.27,0.61,NA,NA,NA,NA,NA,NA,NA,CPUE,NA,FALSE,NA,NA
Europe,West Mediterranean,North_Spain,BSH,NA,Blue shark,Prionace glauca,Blue shark_North_Spain,https://www.fishbase.ca/summary/Prionace-glauca,2003,2013,2003,2013,NA,NA,NA,NA,NA,NA,NA,NA,Very low,0.12,0.28,NA,NA,NA,NA,NA,NA,NA,None,NA,FALSE,NA,NA
Europe,West Mediterranean,North_Spain,BSS,NA,European seabass,Dicentrarchus labrax,European seabass_North_Spain,https://www.fishbase.ca/summary/Dicentrarchus-labrax,2000,2013,2000,2013,NA,NA,NA,NA,NA,NA,NA,NA,Medium,0.25,0.56,NA,NA,NA,NA,NA,NA,NA,CPUE,NA,FALSE,NA,NA
Europe,West Mediterranean,North_Spain,CBC,NA,Red bandfish,Cepola macrophthalma,Red bandfish_North_Spain,https://www.fishbase.ca/summary/Cepola-macrophthalma,2000,2013,2000,2013,NA,NA,NA,NA,NA,NA,NA,NA,Medium,NA,NA,NA,NA,NA,NA,NA,NA,NA,CPUE,NA,FALSE,NA,NA
Europe,West Mediterranean,North_Spain,CBM,NA,Brown meagre,Sciaena umbra,Brown meagre_North_Spain,https://www.fishbase.ca/summary/Sciaena-umbra,2001,2013,2001,2013,NA,NA,NA,NA,NA,NA,NA,NA,Medium,0.39,0.88,NA,NA,NA,NA,NA,NA,NA,None,NA,FALSE,NA,NA
Europe,West Mediterranean,North_Spain,CBR,NA,Comber,Serranus cabrilla,Comber_North_Spain,https://www.fishbase.ca/summary/Serranus-cabrilla,2000,2013,2000,2013,NA,NA,NA,NA,NA,NA,NA,NA,Medium,NA,NA,NA,NA,NA,NA,NA,NA,NA,CPUE,NA,FALSE,NA,NA
Europe,West Mediterranean,North_Spain,CIL,NA,Spotted flounder,Citharus linguatula,Spotted flounder_North_Spain,https://www.fishbase.ca/summary/Citharus-linguatula,2000,2013,2000,2013,NA,NA,NA,NA,NA,NA,NA,NA,Medium,NA,NA,NA,NA,NA,NA,NA,NA,NA,CPUE,NA,FALSE,NA,NA
Europe,West Mediterranean,North_Spain,CMR,NA,Mediterranean shore crab,Carcinus aestuarii,Mediterranean shore crab_North_Spain,https://www.sealifebase.ca/summary/Carcinus-aestuarii,2001,2013,2001,2013,NA,NA,NA,NA,NA,NA,NA,NA,High,NA,NA,NA,NA,NA,NA,NA,NA,NA,None,NA,FALSE,NA,NA
Europe,West Mediterranean,North_Spain,COB,NA,Shi drum,Umbrina cirrosa,Shi drum_North_Spain,https://www.fishbase.ca/summary/Umbrina-cirrosa,2001,2013,2001,2013,NA,NA,NA,NA,NA,NA,NA,NA,Medium,0.65,1.48,NA,NA,NA,NA,NA,NA,NA,None,NA,FALSE,NA,NA
Europe,West Mediterranean,North_Spain,COE,NA,European conger,Conger conger,European conger_North_Spain,https://www.fishbase.ca/summary/Conger-conger,2000,2013,2000,2013,NA,NA,NA,NA,NA,NA,NA,NA,Very low,0.23,0.53,NA,NA,NA,NA,NA,NA,NA,CPUE,NA,FALSE,NA,NA
Europe,West Mediterranean,North_Spain,COU,NA,Rainbow wrasse,Coris julis,Rainbow wrasse_North_Spain,https://www.fishbase.ca/summary/Coris-julis,2000,2013,2000,2013,NA,NA,NA,NA,NA,NA,NA,NA,Medium,NA,NA,NA,NA,NA,NA,NA,NA,NA,None,NA,FALSE,NA,NA
Europe,West Mediterranean,North_Spain,CSH,NA,Common shrimp,Crangon crangon,Common shrimp_North_Spain,https://www.sealifebase.se/summary/Crangon-crangon,2003,2013,2003,2013,NA,NA,NA,NA,NA,NA,NA,NA,Very low,NA,NA,NA,NA,NA,NA,NA,NA,NA,None,NA,FALSE,NA,NA
Europe,West Mediterranean,North_Spain,CTB,NA,Common two-banded seabream,Diplodus vulgaris,Common two-banded seabream_North_Spain,https://www.fishbase.ca/summary/Diplodus-vulgaris,2000,2013,2000,2013,NA,NA,NA,NA,NA,NA,NA,NA,Medium,NA,NA,NA,NA,NA,NA,NA,NA,NA,CPUE,NA,FALSE,NA,NA
Europe,West Mediterranean,North_Spain,CTC,NA,Common cuttlefish,Sepia officinalis,Common cuttlefish_North_Spain,https://www.sealifebase.se/summary/Sepia-officinalis,2000,2013,2000,2013,NA,NA,NA,NA,NA,NA,NA,NA,High,0.33,0.76,NA,NA,NA,NA,NA,NA,NA,CPUE,NA,FALSE,NA,NA
Europe,West Mediterranean,North_Spain,CTG,NA,Grooved carpet shell,Ruditapes decussatus,Grooved carpet shell_North_Spain,https://www.sealifebase.se/summary/Ruditapes-decussatus,2000,2013,2000,2013,NA,NA,NA,NA,NA,NA,NA,NA,High,NA,NA,NA,NA,NA,NA,NA,NA,NA,None,NA,FALSE,NA,NA
Europe,West Mediterranean,North_Spain,DEC,NA,Common dentex,Dentex dentex,Common dentex_North_Spain,https://www.fishbase.ca/summary/Dentex-dentex,2000,2013,2000,2013,NA,NA,NA,NA,NA,NA,NA,NA,Very low,0.26,0.58,NA,NA,NA,NA,NA,NA,NA,CPUE,NA,FALSE,NA,NA
Europe,West Mediterranean,North_Spain,DGS,NA,Picked dogfish,Squalus acanthias,Picked dogfish_North_Spain,https://www.fishbase.ca/summary/Squalus-acanthias,2001,2013,2001,2013,NA,NA,NA,NA,NA,NA,NA,NA,Very low,0.05,0.1,NA,NA,NA,NA,NA,NA,NA,None,NA,FALSE,NA,NA
Europe,West Mediterranean,North_Spain,DOL,NA,Common dolphinfish,Coryphaena hippurus,Common dolphinfish_North_Spain,https://www.fishbase.ca/summary/Coryphaena-hippurus,2000,2013,2000,2013,NA,NA,NA,NA,NA,NA,NA,NA,High,0.72,1.64,NA,NA,NA,NA,NA,NA,NA,None,NA,FALSE,NA,NA
Europe,West Mediterranean,North_Spain,DPS,NA,Deep-water rose shrimp,Parapenaeus longirostris,Deep-water rose shrimp_North_Spain,https://www.sealifebase.se/summary/Parapenaeus-longirostris,2001,2013,2001,2013,NA,NA,NA,NA,NA,NA,NA,NA,High,0.92,2.1,NA,NA,NA,NA,NA,NA,NA,CPUE,NA,FALSE,NA,NA
Europe,West Mediterranean,North_Spain,DXL,NA,Truncate donax,Donax trunculus,Truncate donax_North_Spain,https://www.sealifebase.se/summary/Donax-trunculus,2000,2013,2000,2013,NA,NA,NA,NA,NA,NA,NA,NA,High,NA,NA,NA,NA,NA,NA,NA,NA,NA,None,NA,FALSE,NA,NA
Europe,West Mediterranean,North_Spain,EDT,NA,Musky octopus,Eledone moschata,Musky octopus_North_Spain,https://www.sealifebase.se/summary/Eledone-moschata,2001,2013,2001,2013,NA,NA,NA,NA,NA,NA,NA,NA,High,0.35,0.81,NA,NA,NA,NA,NA,NA,NA,CPUE,NA,FALSE,NA,NA
Europe,West Mediterranean,North_Spain,ELE,NA,European eel,Anguilla anguilla,European eel_North_Spain,https://www.fishbase.ca/summary/Anguilla-anguilla,2000,2013,2000,2013,NA,NA,NA,NA,NA,NA,NA,NA,Very low,0.13,0.29,NA,NA,NA,NA,NA,NA,NA,None,NA,FALSE,NA,NA
Europe,West Mediterranean,North_Spain,EOI,NA,Horned octopus,Eledone cirrhosa,Horned octopus_North_Spain,https://www.sealifebase.se/summary/Eledone-cirrhosa,2000,2013,2000,2013,NA,NA,NA,NA,NA,NA,NA,NA,High,0.58,1.33,NA,NA,NA,NA,NA,NA,NA,CPUE,NA,FALSE,NA,NA
Europe,West Mediterranean,North_Spain,ETX,NA,Velvet belly,Etmopterus spinax,Velvet belly_North_Spain,https://www.fishbase.ca/summary/Etmopterus-spinax,2000,2013,2000,2013,NA,NA,NA,NA,NA,NA,NA,NA,Very low,NA,NA,NA,NA,NA,NA,NA,NA,NA,CPUE,NA,FALSE,NA,NA
Europe,West Mediterranean,North_Spain,FCP,NA,Common carp,Cyprinus carpio,Common carp_North_Spain,https://fishbase.se/summary/Cyprinus-carpio.html,2008,2013,2008,2013,NA,NA,NA,NA,NA,NA,NA,NA,Medium,NA,NA,NA,NA,NA,NA,NA,NA,NA,None,NA,FALSE,NA,NA
Europe,West Mediterranean,North_Spain,FIM,NA,Transparent goby,Aphia minuta,Transparent goby_North_Spain,https://www.fishbase.ca/summary/Aphia-minuta,2001,2013,2001,2013,NA,NA,NA,NA,NA,NA,NA,NA,High,NA,NA,NA,NA,NA,NA,NA,NA,NA,CPUE,NA,FALSE,NA,NA
Europe,West Mediterranean,North_Spain,FOR,NA,Forkbeard,Phycis phycis,Forkbeard_North_Spain,https://www.fishbase.ca/summary/Phycis-phycis,2000,2013,2000,2013,NA,NA,NA,NA,NA,NA,NA,NA,Medium,NA,NA,NA,NA,NA,NA,NA,NA,NA,CPUE,NA,FALSE,NA,NA
Europe,West Mediterranean,North_Spain,FOX,NA,Forkbeards nei,Phycis spp,Forkbeards nei_North_Spain,NA,2000,2013,2000,2013,NA,NA,NA,NA,NA,NA,NA,NA,Medium,0.36,0.83,NA,NA,NA,NA,NA,NA,NA,None,NA,FALSE,NA,NA
Europe,West Mediterranean,North_Spain,GAG,NA,Tope shark,Galeorhinus galeus,Tope shark_North_Spain,https://www.fishbase.ca/summary/Galeorhinus-galeus,2001,2013,2001,2013,NA,NA,NA,NA,NA,NA,NA,NA,Very low,0.04,0.09,NA,NA,NA,NA,NA,NA,NA,None,NA,FALSE,NA,NA
Europe,West Mediterranean,North_Spain,GAR,NA,Garfish,Belone belone,Garfish_North_Spain,https://www.fishbase.ca/summary/Belone-belone,2000,2013,2000,2013,NA,NA,NA,NA,NA,NA,NA,NA,Medium,0.28,0.64,NA,NA,NA,NA,NA,NA,NA,None,NA,FALSE,NA,NA
Europe,West Mediterranean,North_Spain,GBN,NA,Black goby,Gobius niger,Black goby_North_Spain,https://www.fishbase.ca/summary/Gobius-niger,2000,2013,2000,2013,NA,NA,NA,NA,NA,NA,NA,NA,Medium,NA,NA,NA,NA,NA,NA,NA,NA,NA,CPUE,NA,FALSE,NA,NA
Europe,West Mediterranean,North_Spain,GDP,NA,Orange clingfish,Diplocrepis puniceus,Orange clingfish_North_Spain,https://www.fishbase.se/summary/Diplocrepis-puniceus,2003,2013,2003,2013,NA,NA,NA,NA,NA,NA,NA,NA,Medium,NA,NA,NA,NA,NA,NA,NA,NA,NA,None,NA,FALSE,NA,NA
Europe,West Mediterranean,North_Spain,GFB,NA,Greater forkbeard,Phycis blennoides,Greater forkbeard_North_Spain,https://www.fishbase.ca/summary/Phycis-blennoides,2000,2013,2000,2013,NA,NA,NA,NA,NA,NA,NA,NA,Medium,0.36,0.83,NA,NA,NA,NA,NA,NA,NA,CPUE,NA,FALSE,NA,NA
Europe,West Mediterranean,North_Spain,GPD,NA,Dusky grouper,Epinephelus marginatus,Dusky grouper_North_Spain,https://www.fishbase.ca/summary/Epinephelus-marginatus,2000,2013,2000,2013,NA,NA,NA,NA,NA,NA,NA,NA,Very low,0.24,0.55,NA,NA,NA,NA,NA,NA,NA,None,NA,FALSE,NA,NA
Europe,West Mediterranean,North_Spain,GRQ,NA,Mediterranean geryon,Geryon longipes,Mediterranean geryon_North_Spain,https://www.sealifebase.ca/summary/Geryon-longipes,2000,2013,2000,2013,NA,NA,NA,NA,NA,NA,NA,NA,High,NA,NA,NA,NA,NA,NA,NA,NA,NA,CPUE,NA,FALSE,NA,NA
Europe,West Mediterranean,North_Spain,GUG,NA,Grey gurnard,Eutrigla gurnardus,Grey gurnard_North_Spain,https://www.fishbase.ca/summary/Eutrigla-gurnardus,2000,2013,2000,2013,NA,NA,NA,NA,NA,NA,NA,NA,Medium,0.49,1.1,NA,NA,NA,NA,NA,NA,NA,CPUE,NA,FALSE,NA,NA
Europe,West Mediterranean,North_Spain,GUN,NA,Piper gurnard,Trigla lyra,Piper gurnard_North_Spain,https://www.fishbase.ca/summary/Trigla-lyra,2000,2013,2000,2013,NA,NA,NA,NA,NA,NA,NA,NA,Medium,NA,NA,NA,NA,NA,NA,NA,NA,NA,CPUE,NA,FALSE,NA,NA
Europe,West Mediterranean,North_Spain,GUU,NA,Tub gurnard,Chelidonichthys lucerna,Tub gurnard_North_Spain,https://www.fishbase.ca/summary/Chelidonichthys-lucerna,2000,2013,2000,2013,NA,NA,NA,NA,NA,NA,NA,NA,Very low,NA,NA,NA,NA,NA,NA,NA,NA,NA,CPUE,NA,FALSE,NA,NA
Europe,West Mediterranean,North_Spain,GUY,NA,Gurnards nei,Trigla spp,Gurnards nei_North_Spain,NA,2000,2013,2000,2013,NA,NA,NA,NA,NA,NA,NA,NA,Medium,NA,NA,NA,NA,NA,NA,NA,NA,NA,None,NA,FALSE,NA,NA
Europe,West Mediterranean,North_Spain,HKE,NA,European hake,Merluccius merluccius,European hake_North_Spain,https://www.fishbase.ca/summary/Merluccius-merluccius,1986,2013,1986,2013,NA,NA,NA,NA,NA,NA,NA,NA,Medium,0.32,0.72,NA,NA,NA,NA,NA,NA,NA,CPUE,NA,FALSE,NA,NA
Europe,West Mediterranean,North_Spain,HOM,NA,Atlantic horse mackerel,Trachurus trachurus,Atlantic horse mackerel_North_Spain,https://www.fishbase.ca/summary/Trachurus-trachurus,2000,2013,2000,2013,NA,NA,NA,NA,NA,NA,NA,NA,Medium,0.26,0.58,NA,NA,NA,NA,NA,NA,NA,CPUE,NA,FALSE,NA,NA
Europe,West Mediterranean,North_Spain,IOD,NA,Blue-leg swimcrab,Liocarcinus depurator,Blue-leg swimcrab_North_Spain,https://www.sealifebase.ca/summary/Liocarcinus-depurator,2000,2013,2000,2013,NA,NA,NA,NA,NA,NA,NA,NA,High,NA,NA,NA,NA,NA,NA,NA,NA,NA,CPUE,NA,FALSE,NA,NA
Europe,West Mediterranean,North_Spain,JAA,NA,Blue jack mackerel,Trachurus picturatus,Blue jack mackerel_North_Spain,https://www.fishbase.ca/summary/Trachurus-picturatus,2001,2013,2001,2013,NA,NA,NA,NA,NA,NA,NA,NA,Medium,0.26,0.59,NA,NA,NA,NA,NA,NA,NA,CPUE,NA,FALSE,NA,NA
Europe,West Mediterranean,North_Spain,JAX,NA,Jack and horse mackerels nei,Trachurus spp,Jack and horse mackerels nei_North_Spain,NA,2000,2013,2000,2013,NA,NA,NA,NA,NA,NA,NA,NA,Medium,0.283333333,0.636666667,NA,NA,NA,NA,NA,NA,NA,None,NA,FALSE,NA,NA
Europe,West Mediterranean,North_Spain,JDP,NA,Common stingray,Dasyatis pastinaca,Common stingray_North_Spain,https://www.fishbase.ca/summary/Dasyatis-pastinaca,2001,2013,2001,2013,NA,NA,NA,NA,NA,NA,NA,NA,Very low,NA,NA,NA,NA,NA,NA,NA,NA,NA,None,NA,FALSE,NA,NA
Europe,West Mediterranean,North_Spain,JOD,NA,John dory,Zeus faber,John dory_North_Spain,https://www.fishbase.ca/summary/Zeus-faber,2000,2013,2000,2013,NA,NA,NA,NA,NA,NA,NA,NA,Medium,0.49,1.1,NA,NA,NA,NA,NA,NA,NA,CPUE,NA,FALSE,NA,NA
Europe,West Mediterranean,North_Spain,JRS,NA,Mediterranean starry ray,Raja asterias,Mediterranean starry ray_North_Spain,https://www.fishbase.ca/summary/Raja-asterias,2001,2013,2001,2013,NA,NA,NA,NA,NA,NA,NA,NA,Very low,NA,NA,NA,NA,NA,NA,NA,NA,NA,CPUE,NA,FALSE,NA,NA
Europe,West Mediterranean,North_Spain,KLK,NA,Smooth callista,Callista chione,Smooth callista_North_Spain,https://www.sealifebase.se/summary/Callista-chione,2000,2013,2000,2013,NA,NA,NA,NA,NA,NA,NA,NA,Medium,NA,NA,NA,NA,NA,NA,NA,NA,NA,None,NA,FALSE,NA,NA
Europe,West Mediterranean,North_Spain,KPG,NA,Shamefaced crab,Calappa granulata,Shamefaced crab_North_Spain,https://www.sealifebase.se/summary/Calappa-granulata,2000,2013,2000,2013,NA,NA,NA,NA,NA,NA,NA,NA,High,NA,NA,NA,NA,NA,NA,NA,NA,NA,CPUE,NA,FALSE,NA,NA
Europe,West Mediterranean,North_Spain,KTT,NA,Tuberculate cockle,Acanthocardia tuberculata,Tuberculate cockle_North_Spain,https://www.sealifebase.se/summary/Acanthocardia-tuberculata,2000,2013,2000,2013,NA,NA,NA,NA,NA,NA,NA,NA,High,NA,NA,NA,NA,NA,NA,NA,NA,NA,None,NA,FALSE,NA,NA
Europe,West Mediterranean,North_Spain,LBE,NA,European lobster,Homarus gammarus,European lobster_North_Spain,https://www.sealifebase.se/summary/Homarus-gammarus,2000,2013,2000,2013,NA,NA,NA,NA,NA,NA,NA,NA,High,0.25,0.56,NA,NA,NA,NA,NA,NA,NA,None,NA,FALSE,NA,NA
Europe,West Mediterranean,North_Spain,LDB,NA,Four-spot megrim,Lepidorhombus boscii,Four-spot megrim_North_Spain,https://www.fishbase.ca/summary/Lepidorhombus-boscii,2000,2013,2000,2013,NA,NA,NA,NA,NA,NA,NA,NA,Medium,0.22,0.49,NA,NA,NA,NA,NA,NA,NA,CPUE,NA,FALSE,NA,NA
Europe,West Mediterranean,North_Spain,LDG,NA,NA,Ladigesocypris ghigii,NA_North_Spain,https://www.fishbase.se/summary/Ladigesocypris-ghigii.html,2003,2013,2003,2013,NA,NA,NA,NA,NA,NA,NA,NA,High,NA,NA,NA,NA,NA,NA,NA,NA,NA,None,NA,FALSE,NA,NA
Europe,West Mediterranean,North_Spain,LDV,NA,Large-scaled gurnard,Lepidotrigla cavillone,Large-scaled gurnard_North_Spain,https://www.fishbase.ca/summary/Lepidotrigla-cavillone,2001,2013,2001,2013,NA,NA,NA,NA,NA,NA,NA,NA,Medium,NA,NA,NA,NA,NA,NA,NA,NA,NA,CPUE,NA,FALSE,NA,NA
Europe,West Mediterranean,North_Spain,LEE,NA,Leerfish,Lichia amia,Leerfish_North_Spain,https://www.fishbase.ca/summary/Lichia-amia,2000,2013,2000,2013,NA,NA,NA,NA,NA,NA,NA,NA,Medium,0.34,0.76,NA,NA,NA,NA,NA,NA,NA,None,NA,FALSE,NA,NA
Europe,West Mediterranean,North_Spain,LKO,NA,Arrow shrimp,Plesionika heterocarpus,Arrow shrimp_North_Spain,https://www.sealifebase.se/summary/Plesionika-heterocarpus.html,2001,2013,2001,2013,NA,NA,NA,NA,NA,NA,NA,NA,High,NA,NA,NA,NA,NA,NA,NA,NA,NA,CPUE,NA,FALSE,NA,NA
Europe,West Mediterranean,North_Spain,LKT,NA,Golden shrimp,Plesionika martia,Golden shrimp_North_Spain,https://www.sealifebase.se/summary/Plesionika-martia,2003,2013,2003,2013,NA,NA,NA,NA,NA,NA,NA,NA,High,NA,NA,NA,NA,NA,NA,NA,NA,NA,CPUE,NA,FALSE,NA,NA
Europe,West Mediterranean,North_Spain,LKW,NA,Striped soldier shrimp,Plesionika edwardsii,Striped soldier shrimp_North_Spain,https://www.sealifebase.ca/summary/Plesionika-edwardsii,2001,2013,2001,2013,NA,NA,NA,NA,NA,NA,NA,NA,High,NA,NA,NA,NA,NA,NA,NA,NA,NA,CPUE,NA,FALSE,NA,NA
Europe,West Mediterranean,North_Spain,LTA,NA,Little tunny(=Atl.black skipj),Euthynnus alletteratus,Little tunny(=Atl.black skipj)_North_Spain,https://www.fishbase.se/summary/97,2003,2013,2003,2013,NA,NA,NA,NA,NA,NA,NA,NA,Medium,0.37,0.85,NA,NA,NA,NA,NA,NA,NA,None,NA,FALSE,NA,NA
Europe,West Mediterranean,North_Spain,MAC,NA,Atlantic mackerel,Scomber scombrus,Atlantic mackerel_North_Spain,https://www.fishbase.ca/summary/Scomber-scombrus,2000,2013,2000,2013,NA,NA,NA,NA,NA,NA,NA,NA,Medium,0.28,0.64,NA,NA,NA,NA,NA,NA,NA,CPUE,NA,FALSE,NA,NA
Europe,West Mediterranean,North_Spain,MAS,NA,Pacific chub mackerel,Scomber japonicus,Pacific chub mackerel_North_Spain,https://www.fishbase.ca/summary/Scomber-japonicus,2000,2013,2000,2013,NA,NA,NA,NA,NA,NA,NA,NA,Medium,0.23,0.53,NA,NA,NA,NA,NA,NA,NA,None,NA,FALSE,NA,NA
Europe,West Mediterranean,North_Spain,MGA,NA,Golden grey mullet,Chelon auratus,Golden grey mullet_North_Spain,https://www.fishbase.ca/summary/Chelon-auratus,2001,2013,2001,2013,NA,NA,NA,NA,NA,NA,NA,NA,Medium,0.51,1.16,NA,NA,NA,NA,NA,NA,NA,CPUE,NA,FALSE,NA,NA
Europe,West Mediterranean,North_Spain,MGC,NA,Thinlip grey mullet,Chelon ramada,Thinlip grey mullet_North_Spain,https://www.fishbase.ca/summary/Chelon-ramada,2001,2013,2001,2013,NA,NA,NA,NA,NA,NA,NA,NA,Very low,NA,NA,NA,NA,NA,NA,NA,NA,NA,CPUE,NA,FALSE,NA,NA
Europe,West Mediterranean,North_Spain,MMH,NA,Mediterranean moray,Muraena helena,Mediterranean moray_North_Spain,https://www.fishbase.ca/summary/Muraena-helena,2001,2013,2001,2013,NA,NA,NA,NA,NA,NA,NA,NA,Very low,NA,NA,NA,NA,NA,NA,NA,NA,NA,None,NA,FALSE,NA,NA
Europe,West Mediterranean,North_Spain,MNZ,NA,Monkfishes nei,Lophius spp,Monkfishes nei_North_Spain,NA,2000,2013,2000,2013,NA,NA,NA,NA,NA,NA,NA,NA,Very low,0.295,0.67,NA,NA,NA,NA,NA,NA,NA,None,NA,FALSE,NA,NA
Europe,West Mediterranean,North_Spain,MON,NA,Angler(=Monk),Lophius piscatorius,Angler(=Monk)_North_Spain,https://www.fishbase.ca/summary/Lophius-piscatorius,2000,2013,2000,2013,NA,NA,NA,NA,NA,NA,NA,NA,Medium,0.31,0.7,NA,NA,NA,NA,NA,NA,NA,CPUE,NA,FALSE,NA,NA
Europe,West Mediterranean,North_Spain,MTS,NA,Spottail mantis squillid,Squilla mantis,Spottail mantis squillid_North_Spain,https://www.sealifebase.se/summary/Squilla-mantis,2000,2013,2000,2013,NA,NA,NA,NA,NA,NA,NA,NA,High,0.35,0.79,NA,NA,NA,NA,NA,NA,NA,CPUE,NA,FALSE,NA,NA
Europe,West Mediterranean,North_Spain,MUF,NA,Flathead grey mullet,Mugil cephalus,Flathead grey mullet_North_Spain,https://www.fishbase.ca/summary/Mugil-cephalus,2000,2013,2000,2013,NA,NA,NA,NA,NA,NA,NA,NA,Medium,0.34,0.77,NA,NA,NA,NA,NA,NA,NA,None,NA,FALSE,NA,NA
Europe,West Mediterranean,North_Spain,MUR,NA,Surmullet,Mullus surmuletus,Surmullet_North_Spain,https://www.fishbase.ca/summary/Mullus-surmuletus,2009,2013,2009,2013,NA,NA,NA,NA,NA,NA,NA,NA,Medium,0.58,1.31,NA,NA,NA,NA,NA,NA,NA,CPUE,NA,FALSE,NA,NA
Europe,West Mediterranean,North_Spain,MUT,NA,Red mullet,Mullus barbatus,Red mullet_North_Spain,https://www.fishbase.ca/summary/Mullus-barbatus,1971,2013,1971,2013,NA,NA,NA,NA,NA,NA,NA,NA,Medium,0.45,1.02,NA,NA,NA,NA,NA,NA,NA,CPUE,NA,FALSE,NA,NA
Europe,West Mediterranean,North_Spain,MUX,NA,Surmullets(=Red mullets) nei,Mullus spp,Surmullets(=Red mullets) nei_North_Spain,NA,2000,2013,2000,2013,NA,NA,NA,NA,NA,NA,NA,NA,Very low,0.515,1.165,NA,NA,NA,NA,NA,NA,NA,None,NA,FALSE,NA,NA
Europe,West Mediterranean,North_Spain,MYL,NA,Common eagle ray,Myliobatis aquila,Common eagle ray_North_Spain,https://www.fishbase.ca/summary/Myliobatis-aquila,2001,2013,2001,2013,NA,NA,NA,NA,NA,NA,NA,NA,Very low,NA,NA,NA,NA,NA,NA,NA,NA,NA,None,NA,FALSE,NA,NA
Europe,West Mediterranean,North_Spain,NEP,NA,Norway lobster,Nephrops norvegicus,Norway lobster_North_Spain,https://www.sealifebase.se/summary/Nephrops-norvegicus,2004,2013,2004,2013,NA,NA,NA,NA,NA,NA,NA,NA,Medium,0.33,0.75,NA,NA,NA,NA,NA,NA,NA,CPUE,NA,FALSE,NA,NA
Europe,West Mediterranean,North_Spain,NSQ,NA,Changeable nassa,Tritia mutabilis,Changeable nassa_North_Spain,https://www.sealifebase.ca/summary/Tritia-mutabilis,2000,2013,2000,2013,NA,NA,NA,NA,NA,NA,NA,NA,High,NA,NA,NA,NA,NA,NA,NA,NA,NA,None,NA,FALSE,NA,NA
Europe,West Mediterranean,North_Spain,OAM,NA,Adriatic sole,Pegusa impar,Adriatic sole_North_Spain,https://www.fishbase.ca/summary/Pegusa-impar,2008,2013,2008,2013,NA,NA,NA,NA,NA,NA,NA,NA,Medium,NA,NA,NA,NA,NA,NA,NA,NA,NA,None,NA,FALSE,NA,NA
Europe,West Mediterranean,North_Spain,OCC,NA,Common octopus,Octopus vulgaris,Common octopus_North_Spain,https://www.sealifebase.se/summary/Octopus-vulgaris,2000,2013,2000,2013,NA,NA,NA,NA,NA,NA,NA,NA,High,0.51,1.15,NA,NA,NA,NA,NA,NA,NA,CPUE,NA,FALSE,NA,NA
Europe,West Mediterranean,North_Spain,OLV,NA,Paromola,Paromola cuvieri,Paromola_North_Spain,https://www.sealifebase.se/summary/Paromola-cuvieri,2000,2013,2000,2013,NA,NA,NA,NA,NA,NA,NA,NA,High,NA,NA,NA,NA,NA,NA,NA,NA,NA,CPUE,NA,FALSE,NA,NA
Europe,West Mediterranean,North_Spain,OUB,NA,Wide-eyed flounder,Bothus podas,Wide-eyed flounder_North_Spain,https://www.fishbase.ca/summary/Bothus-podas,2000,2013,2000,2013,NA,NA,NA,NA,NA,NA,NA,NA,Medium,NA,NA,NA,NA,NA,NA,NA,NA,NA,None,NA,FALSE,NA,NA
Europe,West Mediterranean,North_Spain,OUW,NA,Alloteuthis squids nei,Alloteuthis spp,Alloteuthis squids nei_North_Spain,NA,2008,2013,2008,2013,NA,NA,NA,NA,NA,NA,NA,NA,Medium,NA,NA,NA,NA,NA,NA,NA,NA,NA,None,NA,FALSE,NA,NA
Europe,West Mediterranean,North_Spain,OXY,NA,Angular roughshark,Oxynotus centrina,Angular roughshark_North_Spain,https://www.fishbase.se/summary/Oxynotus-centrina,2005,2013,2005,2013,NA,NA,NA,NA,NA,NA,NA,NA,Very low,NA,NA,NA,NA,NA,NA,NA,NA,NA,None,NA,FALSE,NA,NA
Europe,West Mediterranean,North_Spain,PAC,NA,Common pandora,Pagellus erythrinus,Common pandora_North_Spain,https://www.fishbase.ca/summary/Pagellus-erythrinus,2000,2013,2000,2013,NA,NA,NA,NA,NA,NA,NA,NA,Medium,0.35,0.8,NA,NA,NA,NA,NA,NA,NA,CPUE,NA,FALSE,NA,NA
Europe,West Mediterranean,North_Spain,PIC,NA,Picarels nei,Spicara spp,Picarels nei_North_Spain,NA,2008,2013,2008,2013,NA,NA,NA,NA,NA,NA,NA,NA,Medium,0.525,1.2,NA,NA,NA,NA,NA,NA,NA,None,NA,FALSE,NA,NA
Europe,West Mediterranean,North_Spain,PIL,NA,European pilchard(=Sardine),Sardina pilchardus,European pilchard(=Sardine)_North_Spain,https://www.fishbase.ca/summary/Sardina-pilchardus,1990,2013,1990,2013,NA,NA,NA,NA,NA,NA,NA,NA,Medium,0.41,0.94,NA,NA,NA,NA,NA,NA,NA,CPUE,NA,FALSE,NA,NA
Europe,West Mediterranean,North_Spain,POA,NA,Atlantic pomfret,Brama brama,Atlantic pomfret_North_Spain,https://www.fishbase.ca/summary/Brama-brama,2000,2013,2000,2013,NA,NA,NA,NA,NA,NA,NA,NA,Very low,NA,NA,NA,NA,NA,NA,NA,NA,NA,None,NA,FALSE,NA,NA
Europe,West Mediterranean,North_Spain,POD,NA,Poor cod,Trisopterus minutus,Poor cod_North_Spain,https://www.fishbase.ca/summary/Trisopterus-minutus,2000,2013,2000,2013,NA,NA,NA,NA,NA,NA,NA,NA,Medium,0.35,0.81,NA,NA,NA,NA,NA,NA,NA,CPUE,NA,FALSE,NA,NA
Europe,West Mediterranean,North_Spain,POP,NA,Pompano,Trachinotus ovatus,Pompano_North_Spain,https://www.fishbase.ca/summary/Trachinotus-ovatus,2003,2013,2003,2013,NA,NA,NA,NA,NA,NA,NA,NA,Medium,0.37,0.85,NA,NA,NA,NA,NA,NA,NA,None,NA,FALSE,NA,NA
Europe,West Mediterranean,North_Spain,POR,NA,Porbeagle,Lamna nasus,Porbeagle_North_Spain,https://www.fishbase.ca/summary/Lamna-nasus,2001,2013,2001,2013,NA,NA,NA,NA,NA,NA,NA,NA,Very low,0.03,0.07,NA,NA,NA,NA,NA,NA,NA,None,NA,FALSE,NA,NA
Europe,West Mediterranean,North_Spain,RIB,NA,Common mora,Mora moro,Common mora_North_Spain,https://www.fishbase.ca/summary/Mora-moro,2008,2013,2008,2013,NA,NA,NA,NA,NA,NA,NA,NA,Very low,NA,NA,NA,NA,NA,NA,NA,NA,NA,CPUE,NA,FALSE,NA,NA
Europe,West Mediterranean,North_Spain,RKQ,NA,Noah's ark,Arca noae,Noah's ark_North_Spain,https://www.sealifebase.se/summary/Arca-noae,2013,2013,2013,2013,NA,NA,NA,NA,NA,NA,NA,NA,Medium,NA,NA,NA,NA,NA,NA,NA,NA,NA,None,NA,FALSE,NA,NA
Europe,West Mediterranean,North_Spain,RNH,NA,Thor's scaldfish,Arnoglossus thori,Thor's scaldfish_North_Spain,https://www.fishbase.ca/summary/Arnoglossus-thori,2001,2013,2001,2013,NA,NA,NA,NA,NA,NA,NA,NA,Medium,NA,NA,NA,NA,NA,NA,NA,NA,NA,CPUE,NA,FALSE,NA,NA
Europe,West Mediterranean,North_Spain,RPG,NA,Red porgy,Pagrus pagrus,Red porgy_North_Spain,https://www.fishbase.ca/summary/Pagrus-pagrus,2000,2013,2000,2013,NA,NA,NA,NA,NA,NA,NA,NA,Medium,0.19,0.42,NA,NA,NA,NA,NA,NA,NA,CPUE,NA,FALSE,NA,NA
Europe,West Mediterranean,North_Spain,RSE,NA,Red scorpionfish,Scorpaena scrofa,Red scorpionfish_North_Spain,https://www.fishbase.ca/summary/Scorpaena-scrofa,2000,2013,2000,2013,NA,NA,NA,NA,NA,NA,NA,NA,Very low,NA,NA,NA,NA,NA,NA,NA,NA,NA,CPUE,NA,FALSE,NA,NA
Europe,West Mediterranean,North_Spain,SAA,NA,Round sardinella,Sardinella aurita,Round sardinella_North_Spain,https://www.fishbase.ca/summary/Sardinella-aurita,2000,2013,2000,2013,NA,NA,NA,NA,NA,NA,NA,NA,High,0.43,0.98,NA,NA,NA,NA,NA,NA,NA,CPUE,NA,FALSE,NA,NA
Europe,West Mediterranean,North_Spain,SAN,NA,Sandeels(=Sandlances) nei,Ammodytes spp,Sandeels(=Sandlances) nei_North_Spain,NA,2000,2013,2000,2013,NA,NA,NA,NA,NA,NA,NA,NA,Medium,0.67,1.53,NA,NA,NA,NA,NA,NA,NA,None,NA,FALSE,NA,NA
Europe,West Mediterranean,North_Spain,SBA,NA,Axillary seabream,Pagellus acarne,Axillary seabream_North_Spain,https://www.fishbase.ca/summary/Pagellus-acarne,2000,2013,2000,2013,NA,NA,NA,NA,NA,NA,NA,NA,Medium,0.39,0.88,NA,NA,NA,NA,NA,NA,NA,CPUE,NA,FALSE,NA,NA
Europe,West Mediterranean,North_Spain,SBG,NA,Gilthead seabream,Sparus aurata,Gilthead seabream_North_Spain,https://www.fishbase.ca/summary/Sparus-aurata,2000,2013,2000,2013,NA,NA,NA,NA,NA,NA,NA,NA,Medium,0.37,0.85,NA,NA,NA,NA,NA,NA,NA,CPUE,NA,FALSE,NA,NA
Europe,West Mediterranean,North_Spain,SBR,NA,Blackspot seabream,Pagellus bogaraveo,Blackspot seabream_North_Spain,https://www.fishbase.ca/summary/Pagellus-bogaraveo,2000,2013,2000,2013,NA,NA,NA,NA,NA,NA,NA,NA,Medium,0.34,0.77,NA,NA,NA,NA,NA,NA,NA,CPUE,NA,FALSE,NA,NA
Europe,West Mediterranean,North_Spain,SBS,NA,Saddled seabream,Oblada melanura,Saddled seabream_North_Spain,https://www.fishbase.ca/summary/Oblada-melanura,2000,2013,2000,2013,NA,NA,NA,NA,NA,NA,NA,NA,Medium,0.52,1.17,NA,NA,NA,NA,NA,NA,NA,None,NA,FALSE,NA,NA
Europe,West Mediterranean,North_Spain,SBZ,NA,Zebra seabream,Diplodus cervinus,Zebra seabream_North_Spain,https://www.fishbase.ca/summary/Diplodus-cervinus,2001,2013,2001,2013,NA,NA,NA,NA,NA,NA,NA,NA,Very low,NA,NA,NA,NA,NA,NA,NA,NA,NA,None,NA,FALSE,NA,NA
Europe,West Mediterranean,North_Spain,SCS,NA,"Scorpionfishes, rockfishes nei",Scorpaena spp,"Scorpionfishes, rockfishes nei_North_Spain",NA,2000,2013,2000,2013,NA,NA,NA,NA,NA,NA,NA,NA,Medium,NA,NA,NA,NA,NA,NA,NA,NA,NA,None,NA,FALSE,NA,NA
Europe,West Mediterranean,North_Spain,SFS,NA,Silver scabbardfish,Lepidopus caudatus,Silver scabbardfish_North_Spain,https://www.fishbase.ca/summary/Lepidopus-caudatus,2000,2013,2000,2013,NA,NA,NA,NA,NA,NA,NA,NA,Medium,0.27,0.61,NA,NA,NA,NA,NA,NA,NA,CPUE,NA,FALSE,NA,NA
Europe,West Mediterranean,North_Spain,SHO,NA,Blackmouth catshark,Galeus melastomus,Blackmouth catshark_North_Spain,https://www.fishbase.ca/summary/Galeus-melastomus,2000,2013,2000,2013,NA,NA,NA,NA,NA,NA,NA,NA,Very low,NA,NA,NA,NA,NA,NA,NA,NA,NA,CPUE,NA,FALSE,NA,NA
Europe,West Mediterranean,North_Spain,SJA,NA,Great Mediterranean scallop,Pecten jacobaeus,Great Mediterranean scallop_North_Spain,https://www.sealifebase.se/summary/Pecten-jacobaeus,2000,2013,2000,2013,NA,NA,NA,NA,NA,NA,NA,NA,Medium,0.29,0.65,NA,NA,NA,NA,NA,NA,NA,CPUE,NA,FALSE,NA,NA
Europe,West Mediterranean,North_Spain,SKA,NA,Raja rays nei,Raja spp,Raja rays nei_North_Spain,NA,2000,2013,2000,2013,NA,NA,NA,NA,NA,NA,NA,NA,Very low,0.173333333,0.39,NA,NA,NA,NA,NA,NA,NA,None,NA,FALSE,NA,NA
Europe,West Mediterranean,North_Spain,SLM,NA,Salema,Sarpa salpa,Salema_North_Spain,https://www.fishbase.ca/summary/Sarpa-salpa,2000,2013,2000,2013,NA,NA,NA,NA,NA,NA,NA,NA,Very low,0.2,0.45,NA,NA,NA,NA,NA,NA,NA,None,NA,FALSE,NA,NA
Europe,West Mediterranean,North_Spain,SLO,NA,Common spiny lobster,Palinurus elephas,Common spiny lobster_North_Spain,https://www.sealifebase.se/summary/Palinurus-elephas,2000,2013,2000,2013,NA,NA,NA,NA,NA,NA,NA,NA,Medium,0.14,0.33,NA,NA,NA,NA,NA,NA,NA,CPUE,NA,FALSE,NA,NA
Europe,West Mediterranean,North_Spain,SMD,NA,Smooth-hound,Mustelus mustelus,Smooth-hound_North_Spain,https://www.fishbase.ca/summary/Mustelus-mustelus,2003,2013,2003,2013,NA,NA,NA,NA,NA,NA,NA,NA,Very low,0.04,0.09,NA,NA,NA,NA,NA,NA,NA,None,NA,FALSE,NA,NA
Europe,West Mediterranean,North_Spain,SNQ,NA,Small red scorpionfish,Scorpaena notata,Small red scorpionfish_North_Spain,https://www.fishbase.ca/summary/Scorpaena-notata,2001,2013,2001,2013,NA,NA,NA,NA,NA,NA,NA,NA,Medium,NA,NA,NA,NA,NA,NA,NA,NA,NA,CPUE,NA,FALSE,NA,NA
Europe,West Mediterranean,North_Spain,SOL,NA,Common sole,Solea solea,Common sole_North_Spain,https://www.fishbase.ca/summary/Solea-solea,2000,2013,2000,2013,NA,NA,NA,NA,NA,NA,NA,NA,Medium,0.33,0.75,NA,NA,NA,NA,NA,NA,NA,CPUE,NA,FALSE,NA,NA
Europe,West Mediterranean,North_Spain,SOO,NA,[Solea spp],Solea spp,[Solea spp]_North_Spain,NA,2000,2013,2000,2013,NA,NA,NA,NA,NA,NA,NA,NA,Medium,0.33,0.75,NA,NA,NA,NA,NA,NA,NA,None,NA,FALSE,NA,NA
Europe,West Mediterranean,North_Spain,SPC,NA,Picarel,Spicara smaris,Picarel_North_Spain,https://www.fishbase.ca/summary/Spicara-smaris,2000,2013,2000,2013,NA,NA,NA,NA,NA,NA,NA,NA,Medium,0.39,0.89,NA,NA,NA,NA,NA,NA,NA,CPUE,NA,FALSE,NA,NA
Europe,West Mediterranean,North_Spain,SQE,NA,European flying squid,Todarodes sagittatus,European flying squid_North_Spain,https://www.sealifebase.se/summary/Todarodes-sagittatus,2000,2013,2000,2013,NA,NA,NA,NA,NA,NA,NA,NA,Medium,0.25,0.57,NA,NA,NA,NA,NA,NA,NA,CPUE,NA,FALSE,NA,NA
Europe,West Mediterranean,North_Spain,SQM,NA,Broadtail shortfin squid,Illex coindetii,Broadtail shortfin squid_North_Spain,https://www.sealifebase.se/summary/Illex-coindetii,2000,2013,2000,2013,NA,NA,NA,NA,NA,NA,NA,NA,Medium,0.4,0.91,NA,NA,NA,NA,NA,NA,NA,CPUE,NA,FALSE,NA,NA
Europe,West Mediterranean,North_Spain,SQR,NA,European squid,Loligo vulgaris,European squid_North_Spain,https://www.sealifebase.se/summary/Loligo-vulgaris,2000,2013,2000,2013,NA,NA,NA,NA,NA,NA,NA,NA,High,0.26,0.58,NA,NA,NA,NA,NA,NA,NA,CPUE,NA,FALSE,NA,NA
Europe,West Mediterranean,North_Spain,SRG,NA,Sargo breams nei,Diplodus spp,Sargo breams nei_North_Spain,NA,2003,2013,2003,2013,NA,NA,NA,NA,NA,NA,NA,NA,Medium,0.35,0.8,NA,NA,NA,NA,NA,NA,NA,None,NA,FALSE,NA,NA
Europe,West Mediterranean,North_Spain,SRJ,NA,Brown comber,Serranus hepatus,Brown comber_North_Spain,https://www.fishbase.ca/summary/Serranus-hepatus,2008,2013,2008,2013,NA,NA,NA,NA,NA,NA,NA,NA,Medium,NA,NA,NA,NA,NA,NA,NA,NA,NA,CPUE,NA,FALSE,NA,NA
Europe,West Mediterranean,North_Spain,SSB,NA,Sand steenbras,Lithognathus mormyrus,Sand steenbras_North_Spain,https://www.fishbase.ca/summary/Lithognathus-mormyrus,2000,2013,2000,2013,NA,NA,NA,NA,NA,NA,NA,NA,Medium,0.36,0.81,NA,NA,NA,NA,NA,NA,NA,None,NA,FALSE,NA,NA
Europe,West Mediterranean,North_Spain,SWA,NA,White seabream,Diplodus sargus,White seabream_North_Spain,https://www.fishbase.ca/summary/Diplodus-sargus,2000,2013,2000,2013,NA,NA,NA,NA,NA,NA,NA,NA,Medium,0.35,0.8,NA,NA,NA,NA,NA,NA,NA,None,NA,FALSE,NA,NA
Europe,West Mediterranean,North_Spain,SWO,NA,Swordfish,Xiphias gladius,Swordfish_North_Spain,https://www.fishbase.se/summary/xiphias-gladius.html,2000,2013,2000,2013,NA,NA,NA,NA,NA,NA,NA,NA,Medium,0.3,0.69,NA,NA,NA,NA,NA,NA,NA,None,NA,FALSE,NA,NA
Europe,West Mediterranean,North_Spain,SYC,NA,Small-spotted catshark,Scyliorhinus canicula,Small-spotted catshark_North_Spain,https://www.fishbase.ca/summary/Scyliorhinus-canicula,2000,2013,2000,2013,NA,NA,NA,NA,NA,NA,NA,NA,Very low,0.23,0.53,NA,NA,NA,NA,NA,NA,NA,CPUE,NA,FALSE,NA,NA
Europe,West Mediterranean,North_Spain,TGS,NA,Caramote prawn,Penaeus kerathurus,Caramote prawn_North_Spain,https://www.sealifebase.se/summary/Penaeus-kerathurus,2000,2013,2000,2013,NA,NA,NA,NA,NA,NA,NA,NA,High,0.71,1.6,NA,NA,NA,NA,NA,NA,NA,None,NA,FALSE,NA,NA
Europe,West Mediterranean,North_Spain,THS,NA,Thickback soles nei,Microchirus spp,Thickback soles nei_North_Spain,NA,2008,2013,2008,2013,NA,NA,NA,NA,NA,NA,NA,NA,Medium,NA,NA,NA,NA,NA,NA,NA,NA,NA,None,NA,FALSE,NA,NA
Europe,West Mediterranean,North_Spain,TOE,NA,Torpedo rays,Torpedo spp,Torpedo rays_North_Spain,NA,2008,2013,2008,2013,NA,NA,NA,NA,NA,NA,NA,NA,Very low,NA,NA,NA,NA,NA,NA,NA,NA,NA,None,NA,FALSE,NA,NA
Europe,West Mediterranean,North_Spain,TSD,NA,Twaite shad,Alosa fallax,Twaite shad_North_Spain,https://www.fishbase.ca/summary/Alosa-fallax,2009,2013,2009,2013,NA,NA,NA,NA,NA,NA,NA,NA,Medium,NA,NA,NA,NA,NA,NA,NA,NA,NA,None,NA,FALSE,NA,NA
Europe,West Mediterranean,North_Spain,TTR,NA,Marbled electric ray,Torpedo marmorata,Marbled electric ray_North_Spain,https://www.fishbase.ca/summary/Torpedo-marmorata,2001,2013,2001,2013,NA,NA,NA,NA,NA,NA,NA,NA,Very low,NA,NA,NA,NA,NA,NA,NA,NA,NA,CPUE,NA,FALSE,NA,NA
Europe,West Mediterranean,North_Spain,TUR,NA,Turbot,Scophthalmus maximus,Turbot_North_Spain,https://www.fishbase.ca/summary/Scophthalmus-maximus,2000,2013,2000,2013,NA,NA,NA,NA,NA,NA,NA,NA,Medium,0.33,0.75,NA,NA,NA,NA,NA,NA,NA,None,NA,FALSE,NA,NA
Europe,West Mediterranean,North_Spain,UMO,NA,Fusca drum,Umbrina ronchus,Fusca drum_North_Spain,https://www.fishbase.ca/summary/Umbrina-ronchus,2001,2013,2001,2013,NA,NA,NA,NA,NA,NA,NA,NA,Medium,NA,NA,NA,NA,NA,NA,NA,NA,NA,CPUE,NA,FALSE,NA,NA
Europe,West Mediterranean,North_Spain,UUC,NA,Stargazer,Uranoscopus scaber,Stargazer_North_Spain,https://www.fishbase.ca/summary/Uranoscopus-scaber,2000,2013,2000,2013,NA,NA,NA,NA,NA,NA,NA,NA,Medium,NA,NA,NA,NA,NA,NA,NA,NA,NA,CPUE,NA,FALSE,NA,NA
Europe,West Mediterranean,North_Spain,WEG,NA,Greater weever,Trachinus draco,Greater weever_North_Spain,https://www.fishbase.ca/summary/Trachinus-draco,2000,2013,2000,2013,NA,NA,NA,NA,NA,NA,NA,NA,Medium,NA,NA,NA,NA,NA,NA,NA,NA,NA,CPUE,NA,FALSE,NA,NA
Europe,West Mediterranean,North_Spain,WHB,NA,Blue whiting(=Poutassou),Micromesistius poutassou,Blue whiting(=Poutassou)_North_Spain,https://www.fishbase.ca/summary/Micromesistius-poutassou,2004,2013,2004,2013,NA,NA,NA,NA,NA,NA,NA,NA,Medium,0.31,0.7,NA,NA,NA,NA,NA,NA,NA,CPUE,NA,FALSE,NA,NA
Europe,West Mediterranean,North_Spain,WRF,NA,Wreckfish,Polyprion americanus,Wreckfish_North_Spain,https://www.fishbase.ca/summary/Polyprion-americanus,2000,2013,2000,2013,NA,NA,NA,NA,NA,NA,NA,NA,Very low,NA,NA,NA,NA,NA,NA,NA,NA,NA,None,NA,FALSE,NA,NA
Europe,West Mediterranean,North_Spain,YLL,NA,Mediterranean slipper lobster,Scyllarides latus,Mediterranean slipper lobster_North_Spain,https://www.sealifebase.se/summary/Scyllarides-latus,2001,2013,2001,2013,NA,NA,NA,NA,NA,NA,NA,NA,Medium,NA,NA,NA,NA,NA,NA,NA,NA,NA,None,NA,FALSE,NA,NA
Europe,West Mediterranean,North_Spain,YRS,NA,European barracuda,Sphyraena sphyraena,European barracuda_North_Spain,https://www.fishbase.ca/summary/Sphyraena-sphyraena,2000,2013,2000,2013,NA,NA,NA,NA,NA,NA,NA,NA,Medium,NA,NA,NA,NA,NA,NA,NA,NA,NA,CPUE,NA,FALSE,NA,NA
